product_name,rating_number,rating_counter,product_price,price_range,number_reviews,sold_count,satisfaction,satisfaction_range,shop_name,shop_rating,shop_rating_counter,product_name_detail
910 Nineten Geist Ekiden,5,17,"Rp479,900.00",400000-500000,8,30,1,90-100,Kayak Outdoor,5.0,176000,Sepatu Lari 910 Nineten Geist Ekiden - Abu Tua/Merah
910 Nineten Geist Ekiden,5,1,"Rp549,900.00",500000-600000,0,1,1,90-100,Kayak Outdoor,5.0,176000,Sepatu Running Trail 910 Nineten Geist Ekiden Trail - HItam/Hijau
910 Nineten Aurorun,5,3,"Rp599,900.00",500000-600000,0,12,1,90-100,Kayak Outdoor,5.0,176000,Sepatu Lari 910 Nineten Aurorun - Navy/ungu
910 Nineten Kanzaki 2.0,5,2,"Rp579,900.00",500000-600000,1,3,1,90-100,Kayak Outdoor,5.0,176000,Sepatu running 910 Nineten Kanzaki 2.0 - Hitam/Ungu
910 Nineten Yuka Accel Addiction,5,2,"Rp529,900.00",500000-600000,1,11,1,90-100,Kayak Outdoor,5.0,176000,Sepatu Lari 910 Nineten Yuka Accel Addiction - Hijau
910 Nineten Haze 1.5,5,28,"Rp449,900.00",400000-500000,12,40,1,90-100,Kayak Outdoor,5.0,176000,Sepatu Lari 910 Nineten Haze 1.5 - Hitam/Abu
910 Nineten Reishika Bolster,5,15,"Rp599,900.00",500000-600000,7,24,1,90-100,Kayak Outdoor,5.0,176000,Sepatu Lari 910 Nineten Reishika Bolster - Biru/Jingga
910 Nineten Haze Strike Prime,5,3,"Rp579,900.00",500000-600000,0,3,1,90-100,Kayak Outdoor,5.0,176000,Sepatu Lari 910 Nineten Haze Strike Prime - Hijau Teal/Lime
910 Nineten Ultra Ekiden 1.0,5,5,"Rp549,900.00",500000-600000,2,7,1,90-100,Kayak Outdoor,5.0,176000,Sepatu Lari 910 Nineten Ultra Ekiden 1.0 - Hijau-Tua
Gvl Geovelli Marco,5,1,"Rp179,550.00",100000-200000,1,2,1,90-100,Geovelli,5.0,12000,Gvl Geovelli Marco Nevy Sepatu Sneakers Pria Lari Olahraga Cowok Kuliah Sport Running Sneaker Casual Shoes Kasual - G-3130 Marco
Spotec Running Orbit,5,22,"Rp359,900.00",300000-400000,15,80,0.95,90-100,Spotec,5.0,334000,Spotec Running Orbit Sepatu Lari Pria Wanita - Biru Tua Putih - 37
Spotec Running Modern,5,154,"Rp359,900.00",300000-400000,95,500,1,90-100,Spotec,5.0,334000,Spotec Running Modern Sepatu Lari Pria Wanita - Hitam Putih - Hitam/Hitam
Spotec Pother,5,27,"Rp265,900.00",200000-300000,12,50,1,90-100,Spotec,5.0,334000,Spotec Sneakers Pother Sepatu Sneakers Pria Wanita - Biru Tua Putih - Ukuran
Athletica Fox Light Grey,5,10,"Rp245,000.00",200000-300000,4,18,1,90-100,Athletica,5.0,112000,Athletica - Fox Light Grey | Sepatu Olahraga Pria Wanita Running Jogging Ringan - 41
Spotec Running Versa,5,52,"Rp271,900.00",200000-300000,24,90,1,90-100,Spotec,5.0,334000,Spotec Running Versa Sepatu Lari Pria Wanita - ABUMERAH
Spotec Running Versa,5,99,"Rp271,900.00",200000-300000,48,100,1,90-100,Spotec,5.0,334000,Spotec Running Versa Sepatu Lari Pria Wanita - Abu Muda Abu Muda - Abumuda
Spotec Running Easton,5,85,"Rp339,900.00",300000-400000,69,250,1,90-100,Spotec,5.0,334000,Spotec Running Easton Sepatu Lari Pria Wanita - Abu Muda Biru - 37
Spotec Running Easton,5,48,"Rp339,900.00",300000-400000,29,100,1,90-100,Spotec,5.0,334000,Spotec Running Easton Sepatu Lari Pria Wanita - Putih Putih - 37
Spotec Running Easton,5,98,"Rp339,900.00",300000-400000,65,100,1,90-100,Spotec,5.0,334000,Spotec Running Easton Sepatu Lari Pria Wanita - Biru Tua Abu Muda - 37
Spotec Running Easton,5,40,"Rp339,900.00",300000-400000,34,100,1,90-100,Spotec,5.0,334000,Spotec Running Easton Sepatu Lari Pria Wanita - Abu Tua Hijau Cerah - 37
Spotec Running Atlas,5,664,"Rp332,400.00",300000-400000,466,2000,0.98,90-100,Spotec,5.0,334000,Spotec Running Atlas Sepatu Lari Pria Wanita - Abu Perak - Ukuran
Spotec Running Harvey,5,79,"Rp296,900.00",200000-300000,36,100,0.98,90-100,Spotec,5.0,334000,Spotec Running Harvey Sepatu Lari Pria Wanita - Hitam Merah - Ukuran
Spotec Running Harvey,5,50,"Rp296,900.00",200000-300000,39,100,1,90-100,Spotec,5.0,334000,Spotec Running Harvey Sepatu Lari Pria Wanita - Biru Oranye - Ukuran
Spotec Running Venture,5,90,"Rp287,900.00",200000-300000,60,100,0.98,90-100,Spotec,5.0,334000,Spotec Running Venture Sepatu Lari Pria Wanita - Biru Tua Hijau Cerah - BiruTua
Spotec Running Blitzer,5,117,"Rp288,900.00",200000-300000,49,100,0.98,90-100,Spotec,5.0,334000,Spotec Running Blitzer Sepatu Lari Pria Wanita - Hitam Hijau - Hitam
Spotec Running Thunder,5,139,"Rp254,900.00",200000-300000,60,100,0.98,90-100,Spotec,5.0,334000,Spotec Running Thunder Sepatu Lari Pria Wanita - Biru Tua Putih - BiruTua
Brodo Active Krakatau 2.0,5,3,"Rp589,000.00",500000-600000,2,11,1,90-100,Brodo Footwear,5.0,1687000,BRODO - Running Shoes Active Krakatau 2.0 White Black - 36
Brodo Active Krakatau 2.0,5,1,"Rp589,000.00",500000-600000,0,2,1,90-100,Brodo Footwear,5.0,1687000,BRODO - Running Shoes Active Krakatau 2.0 White Sapphire - 38
Spotec Running Atlas,5,569,"Rp332,400.00",300000-400000,386,1000,0.98,90-100,Spotec,5.0,334000,Spotec Running Atlas Sepatu Lari Pria Wanita - Biru Tua Emas - Ukuran
910 Nineten Ekiden Infiknit,5,14,"Rp529,900.00",500000-600000,4,20,1,90-100,Kayak Outdoor,5.0,176000,Sepatu Lari 910 Nineten Ekiden Infiknit - Biru Tua/Biru
Spotec Running Easto,5,173,"Rp339,900.00",300000-400000,121,250,0.98,90-100,Spotec,5.0,334000,Spotec Running Easton Sepatu Lari Pria Wanita - Biru Muda Biru Muda - 37
Spotec Running Forza,5,55,"Rp319,900.00",300000-400000,24,100,0.98,90-100,Spotec,5.0,334000,Spotec Running Forza Sepatu Lari Pria Wanita - AbuTua
Spotec Running Omega,5,114,"Rp370,400.00",300000-400000,78,250,0.99,90-100,Spotec,5.0,334000,Spotec Running Omega Sepatu Lari Pria Wanita - Abu Tua Oranye - Ukuran
Spotec Running Uptown,5,130,"Rp339,900.00",300000-400000,96,250,0.97,90-100,Spotec,5.0,334000,Spotec Running Uptown Sepatu Lari Pria Wanita - Coklat Tua Biru Muda Abu Muda - Coklat Tua/Hitam
Spotec Running Omega,5,131,"Rp370,400.00",300000-400000,89,250,0.98,90-100,Spotec,5.0,334000,Spotec Running Omega Sepatu Lari Pria Wanita - Hijau Tosca Hijau Cerah - Ukuran
Spotec Running Orbit,5,36,"Rp359,900.00",300000-400000,26,100,1,90-100,Spotec,5.0,334000,Spotec Running Orbit Sepatu Lari Pria Wanita Putih - Biru Tua - 38
Spotec Running Valor,5,156,"Rp287,900.00",200000-300000,64,250,0.98,90-100,Spotec,5.0,334000,Spotec Running Valor Sepatu Lari Pria Wanita - Abu Tua - ABUTUA
Mills Running Shoes Treximo Saga V2,5,16,"Rp359,200.00",300000-400000,10,40,1,90-100,Mills Official,5.0,762000,Mills Sepatu Lari Running Shoes Treximo Saga V2 Red Fiesta / Black / Neon / White 9101209 - 37
Mills Running Shoes Enermax Tycoon,5,10,"Rp519,200.00",500000-600000,7,28,1,90-100,Mills Official,5.0,762000,Mills Sepatu Lari Running Shoes Enermax Tycoon LT Blue / Orange / White 9102702 - LBlu/Org/Wht
Mills Running Shoes Enermax Dynaplate,5,36,"Rp549,000.00",500000-600000,17,90,1,90-100,Mills Official,5.0,762000,Mills Sepatu Lari Running Shoes Enermax Dynaplate LT Grey / White / Black 9100705 - LGry/Wht/Blk
Techdoo Casual Running Shoes Outdoor Antiselip Mr186,5,3,"Rp115,400.00",100000-200000,2,3,1,90-100,Techdoo,5.0,1124000,Techdoo Sepatu Pria Casual Sepatu Olahraga Running Shoes Outdoor Antiselip MR186 - Hitam
Mills Lifestyle Tripoli Star,5,5,"Rp369,000.00",300000-400000,0,14,1,90-100,Mills Official,5.0,762000,MILLS SEPATU LIFESTYLE TRIPOLI STAR WHITE/GUM 9701410 - WHITE/GUM
Techdoo Karet Keren Kets Casual Running Shoes Anti Slip Ksr737,5,2,"Rp170,000.00",100000-200000,1,3,1,90-100,Techdoo,5.0,1124000,Techdoo Sepatu Pria Olahraga Lari Sneakers Karet Keren Sepatu Kets Casual Running Shoes Anti Slip KSR737 - Putih
Techdoo Kerja Cowok Trendy Kuliah Ml102,5,6,"Rp122,500.00",100000-200000,4,30,1,90-100,Techdoo,5.0,1124000,Techdoo Sepatu Sneakers Pria Sepatu Kerja Cowok Sepatu Lari Sepatu Jogging Olahraga Trendy Sepatu Kuliah ML102 - Hitam Polos
Techdoo Hitam Casual Sekolah Kasual Kerja Dewasa Anti Slip Sml101,5,1,"Rp139,000.00",100000-200000,0,8,1,90-100,Techdoo,5.0,1124000,Techdoo Sepatu Pria Hitam Casual Sneakers Olahraga Sepatu Sekolah Kasual Kerja Dewasa Anti Slip SML101 - HITAM
Mills Running Shoes Treximo Saga M3,5,4,"Rp469,000.00",400000-500000,2,13,1,90-100,Mills Official,5.0,762000,MILLS SEPATU LARI RUNNING SHOES TREXIMO SAGA M3 WHITE / LIME GREEN / TURQOUISE 9106104 - WHT/LGRN/TRQ
Nukus Kets Nktm 05,5,3,"Rp120,000.00",100000-200000,0,3,1,90-100,Nukusfootwear,5.0,125000,Nukus Sepatu Kets Runing Pria Tali Nukus Hitam Putih - NKTM 05 - Hitam
Techdoo Running Shoes Man Sport Fleksible Cowok Keren Mr174,5,7,"Rp129,000.00",100000-200000,2,7,1,90-100,Techdoo,5.0,1124000,Techdoo Sepatu Olahraga Lari Pria Running Shoes Man Sport Fleksible Sepatu Cowok Keren MR174 - Cokelat
Techdoo Sport Mr709,5,9,"Rp132,000.00",100000-200000,4,13,1,90-100,Techdoo,5.0,1124000,Techdoo Sepatu Running Pria Sport Sepatu Olahraga Lari Sneakers MR709 - Hitam
Mills Running Shoes Enermax Nanoknit,5,9,"Rp499,000.00",400000-500000,5,19,1,90-100,Mills Official,5.0,762000,MILLS SEPATU LARI RUNNING SHOES ENERMAX NANOKNIT WHITE/PURPLE/ORANGE 9105104 - WHITE/PURPLE/OR
Mills Tripoli Star,5,45,"Rp295,200.00",200000-300000,28,100,1,90-100,Mills Official,5.0,762000,MILLS Sepatu Tripoli Star DK Grey / Broken White 9701407 - DGry/BWht
Precise T-Lite Run Jg M1,5,1,"Rp291,445.00",200000-300000,1,3,1,90-100,Precise,5.0,34000,Precise T-Lite Run JG M1 Sepatu Olahraga Lari Pria - Navy/Green FL - 42
Oxwell Hydrolicus,5,4,"Rp180,000.00",100000-200000,4,9,1,90-100,Oxwell,5.0,695,Oxwell Hydrolicus - Sepatu Sneakers Olahraga Lari Running Pria dan Wanita Dewasa Full Putih Outdoor - FULL PUTIH
Techdoo Tali Running Sport Shoes Fashion Ksc301,5,9,"Rp122,500.00",100000-200000,1,13,1,90-100,Techdoo,5.0,1124000,Techdoo Sepatu Sneakers Tali Running Sport Shoes Fashion Pria KSC301 - Hitam
Mills Running Shoes Treximo Enerlite,5,25,"Rp489,000.00",400000-500000,10,50,1,90-100,Mills Official,5.0,762000,Mills Sepatu Lari Running Shoes Treximo Enerlite Black / White 9102006 - Black/White
Oxwell Hydrolicus,5,3,"Rp180,000.00",100000-200000,1,9,1,90-100,Oxwell,5.0,695,Oxwell Hydrolicus - Sepatu Sneakers Olahraga Lari Running Pria dan Wanita Dewasa Hitam Outdoor - FULL HITAM
910 Nineten Haze Tempo,5,30,"Rp649,999.00",600000-700000,0,50,1,90-100,910 Nineten Shoes,5.0,1176000,910 Nineten Haze Tempo Sepatu Lari - Biru/Merah/Kuning - 39
910 Nineten Kanzaki 2.0,5,11,"Rp579,900.00",500000-600000,10,60,1,90-100,910 Nineten Shoes,5.0,1176000,910 Nineten KANZAKI 2.0 Sepatu Lari - Merah Coral/ Kuning/Off White - 44
910 Nineten Yokko 1.5,5,2,"Rp479,999.00",400000-500000,6,20,1,90-100,910 Nineten Shoes,5.0,1176000,910 Nineten Yokko 1.5 Sepatu Training LifeStyle - Hijau/Putih/Hitam - 39
910 Nineten Hanna 1.0,5,21,"Rp549,900.00",500000-600000,29,100,1,90-100,910 Nineten Shoes,5.0,1176000,910 Nineten HANNA 1.0 Sepatu Lari - Hijau Teal/Putih/Merah Coral Running Outdoor Running Outdoor - 40
910 Nineten Reishika Bolster,5,91,"Rp599,900.00",500000-600000,69,250,0.98,90-100,910 Nineten Shoes,5.0,1176000,910 nineten REISHIKA BOLSTER sepatu lari - Biru/Jingga/Putih - Olahraga Running Outdoor Outdoor - 39
910 Nineten Ultra Ekiden 1.0,5,28,"Rp550,700.00",500000-600000,24,100,1,90-100,910 Nineten Shoes,5.0,1176000,910 Nineten Ultra Ekiden 1.0 Sepatu Lari - Putih/Biru Muda - 40
910 Nineten Lynx Rv,5,16,"Rp549,900.00",500000-600000,7,26,1,90-100,910 Nineten Shoes,5.0,1176000,910NINETEN SHOES LYNX RV-LITE Sportstyle- ABU-ABU/JINGGA - 40
910 Nineten Haze Infiknit 1.0,5,30,"Rp479,900.00",400000-500000,15,100,1,90-100,910 Nineten Shoes,5.0,1176000,910 Nineten Haze Infiknit 1.0 Sepatu Lari - Teal/Mint/Lime - 37
910 Nineten Ekiden Hyperion,5,3,"Rp499,999.00",400000-500000,1,6,1,90-100,910 Nineten Shoes,5.0,1176000,910 Nineten Ekiden Hyperion Sepatu Lari - Magenta/Orange - 42
Gvl Geovelli 2126 Glamixo,5,5,"Rp185,220.00",100000-200000,3,12,1,90-100,Geovelli,5.0,12000,GVl Geovelli 2126 Glamixo White Natural | Sepatu Sneakers Putih Pria Olahraga Running Shoes Outdoor Outdoor - G-2126 Glamixo
Mills Running Shoes Treximo Saga M3,5,4,"Rp469,000.00",400000-500000,3,9,1,90-100,Mills Official,5.0,762000,MILLS SEPATU LARI RUNNING SHOES TREXIMO SAGA M3 TRIPPLE BLACK 9106102 - TRIPPLE.BLACK
910 Nineten Hiroshi Rn,5,8,"Rp639,999.00",600000-700000,5,30,1,90-100,910 Nineten Shoes,5.0,1176000,910 NIneten Sepatu Lari Hiroshi RN - Lite Abu/Merah/Putih Olahraga Outdoor - 40
Spotec Running Raptor,5,29,"Rp305,900.00",300000-400000,18,50,0.96,90-100,Spotec,5.0,334000,Spotec Running Raptor Sepatu Lari Pria Wanita - Merah
Spotec Running Blitzer,5,59,"Rp288,900.00",200000-300000,0,100,0.96,90-100,Spotec,5.0,334000,Spotec Running Blitzer Sepatu Lari Pria Wanita - Biru Merah - Biru
Under Armour Men'S Charged Pursuit 3,5,15,"Rp499,500.00",400000-500000,5,24,1,90-100,Under Armour Indonesia,5.0,616000,Under Armour Men's Charged Pursuit 3 Big Logo Running Shoes - Black & White
Mills Running Shoes Enermax Tycoon,5,55,"Rp519,200.00",500000-600000,38,100,1,90-100,Mills Official,5.0,762000,Mills Sepatu Lari Running Shoes Enermax Tycoon Magenta / White / Neon.Green 9102703 - 40
Mills Running Shoes Enermax Cushion M2 Jad,5,11,"Rp599,000.00",500000-600000,7,30,1,90-100,Mills Official,5.0,762000,Mills Sepatu Lari Running Shoes Enermax Cushion M2 Jade / Black / Off White / Red 9104002 - Jd/Blk/OWht/Rd
Mills Lifestyle Revolt Beta Bbs,5,15,"Rp439,200.00",400000-500000,10,30,0.93,90-100,Mills Official,5.0,762000,MILLS Sepatu Lifestyle Revolt Beta BBS Spare Mint / Black / Magenta / Blue 9702501 - 38
Mills Running Shoes Treximo Saga V2,5,21,"Rp359,200.00",300000-400000,9,50,1,90-100,Mills Official,5.0,762000,Mills Sepatu Lari Running Shoes Treximo Saga V2 Pine Green / Black / Lime Green 9101210 - PGrnBlkLgrn
Mills Running Shoes Treximo Saga,5,163,"Rp258,300.00",200000-300000,58,250,0.98,90-100,Mills Official,5.0,762000,Mills Sepatu Lari Running Shoes Treximo Saga Black/Black 9100304 - Black/Black
Mills Running Shoes Treximo Enerlite,5,34,"Rp489,000.00",400000-500000,20,80,1,90-100,Mills Official,5.0,762000,Mills Sepatu Lari Running Shoes Treximo Enerlite Grey / Black / Coral 9102010 - Gry/Blk/Crl
Techdoo Cowok Fleksibel Ksl305,5,11,"Rp169,000.00",100000-200000,3,21,1,90-100,Techdoo,5.0,1124000,Techdoo Sepatu Running Cowok Fleksibel Sepatu Olahraga Pria KSL305 - Abu-abu
Mills Lifestyle Revolt Beta Bbs,5,28,"Rp439,200.00",400000-500000,21,80,1,90-100,Mills Official,5.0,762000,MILLS Sepatu Lifestyle Revolt Beta BBS White / Royal Blue / Magenta 9702502 - Wht/RBl/Mgnt
Mills Running Shoes Enermax Cushion M2,5,15,"Rp599,000.00",500000-600000,12,40,1,90-100,Mills Official,5.0,762000,Mills Sepatu Lari Running Shoes Enermax Cushion M2 Cool Blue / Navy / White 9104001 - CBl/Nvy/Wht
Decathlon Kiprun Jogflow 190.1,5,5,"Rp512,000.00",500000-600000,1,15,1,90-100,Decathlon Indonesia,5.0,2498000,Decathlon Kiprun Sepatu Lari Pria Jogflow 190.1 - Biru Gelap - 8874411 - 40
Mjc Indonesia Running Shoes,5,2,"Rp139,900.00",100000-200000,2,4,1,90-100,Mjc Indonesia,5.0,358000,MJC Indonesia Sepatu Pria Olahraga Lari Outdor Luar Sepatu Basket Olahraga Hitam Terbaru 39-43 Outdoor Running - White
Kasogi Federick,5,8,"Rp579,900.00",500000-600000,4,10,1,90-100,Kasogi Shoes,5.0,48000,Sepatu Kasogi Pria Dewasa Olahraga Jogging Santai Federick - abu merah
Mjc Indonesia Running Shoes,5,2,"Rp139,900.00",100000-200000,2,14,1,90-100,Mjc Indonesia,5.0,358000,MJC Indonesia Sepatu Pria Olahraga Outdor Luar Sepatu Basket Lari Sepatu Olahraga Hitam Terbaru 39-43 Outdoor Running - Black
Vanderzu Zx3,1,1,"Rp119,999.00",100000-200000,1,11,0,0-50,Lion.Id,5.0,223,Sepatu Sneaker Olahraga Lari Running Vanderzu Zx3 Putih Lis Hitam Sepatu Lari Anak Unisex - Putih Hitam
Lyraze Fast,4,1,"Rp165,000.00",100000-200000,0,6,1,90-100,Lyrazeofficial,5.0,56,Lyraze Fast Sepatu Running Pria | Sepatu Lari Cowok Olahraga Size 39-43 Outdoor - Fast Putih Orange
Sidsneaks Morph Lite,0,0,"Rp349,000.00",300000-400000,0,1,0,0-50,Sidsneaks,6.0,7,Sepatu Olahraga Pria SIDSNEAKS Morph Lite Black White - Upper Fully Knitted
Vanderzu Zx3,0,0,"Rp119,999.00",100000-200000,0,7,0,0-50,Lion.Id,5.0,223,Sepatu Sneaker Olahraga Lari Running Outdoor Anak Vanderzu ZX3 Maroon - Maroon
Oldiac Warriors,0,0,"Rp189,800.00",100000-200000,0,0,0,0-50,Oldiac Original,5.0,23,Oldiac Warriors - Sepatu Running Pria Wanita - WARRIORS Black Green
Onarstreet Running Shoes,0,0,"Rp210,000.00",200000-300000,0,0,0,0-50,Onar Street,5.0,915,Onarstreet - Sepatu Sneakers Pria Dewasa Original Onarstreet Casual Sport Sekolah Running Outdoor Shoes Olahraga Kerja Kasual Snekers - Biru Orens
Lion.Id Running Shoes,0,0,"Rp129,999.00",100000-200000,0,1,0,0-50,Lion.Id,5.0,223,Sepatu Running Pria Wanita Unisex Abu Gold Sneaker Olahraga Lari Unisex Outdoor - Abu Gold
Shaburay Shinobi Running Shoes,0,0,"Rp125,000.00",100000-200000,0,0,0,0-50,Shaburay Official,4.0,1,Sepatu Shaburay Shinobi Black White | Sepatu Hitam | Sepatu Sekolah | Sepatu Olahraga | Sepatu Lari Pria Wanita - Black White
Vanderzu Zx3,0,0,"Rp119,999.00",100000-200000,0,1,0,0-50,Lion.Id,5.0,223,Sepatu Running Anak Laki Laki Perempuan Vanderzu ZX3 Hitam Merah Sneaker Olahraga Lari Unisex Outdoor - Hitam Merah
Vanderzu Zx3,0,0,"Rp124,999.00",100000-200000,0,0,0,0-50,Lion.Id,5.0,223,Sepatu Olahraga Running Pria Wanita Vanderzu ZX3 Hitam Orange Sneaker Olahraga Lari Outdoor Unisex - Hitam Orange
Oldiac Warriors,0,0,"Rp189,800.00",100000-200000,0,0,0,0-50,Oldiac Original,5.0,23,Oldiac Warriors - Sepatu Olahraga Running Lari Pria Casual Black Red - WARRIORS Black Red
Oldiac Uniqeve,3,2,"Rp189,800.00",100000-200000,2,17,0.5,50-60,Oldiac Original,5.0,23,Oldiac Uniqeve - Sepatu Sneakers Running Pria Dewasa White Edition - UNIQEVE White
Shaburay Shinobi Running Shoes,0,0,"Rp125,000.00",100000-200000,0,0,0,0-50,Shaburay Official,4.0,1,Sepatu Shaburay Shinobi Triple Black | Sepatu Hitam | Sepatu Sekolah | Sepatu Olahraga | Sepatu Lari Pria Wanita - Triple Black
Sepatu Lari Wanita Unisex (J-92),0,0,"Rp173,849.00",100000-200000,0,0,0,0-50,Lokal Shoes Mj,5.0,24,Srpatu Lari Olahraga Pria Wanita Unisex (J-92) - Orange
Lokal Shoes Mj (C03),0,0,"Rp137,249.00",100000-200000,0,0,0,0-50,Lokal Shoes Mj,5.0,24,Sepatu Lari Unisex Running (C-03) Pria Wanita Outdoor Olahraga - navy
T-30 Pu Laether Phylon Ringan Anti Slip Outdoor,0,0,"Rp155,549.00",100000-200000,0,0,0,0-50,Lokal Shoes Mj,5.0,24,Sepatu Lari Running T-30 PU Laether Phylon Ringan Anti Slip Outdoor - abu
Lokal Shoes Mj (J-73),0,0,"Rp137,249.00",100000-200000,0,0,0,0-50,Lokal Shoes Mj,5.0,24,Sepatu Olahraga Lari Pria Wanita Unisex (J-73) - HITAM
Wsfy Sm-03,0,0,"Rp146,399.00",100000-200000,0,0,0,0-50,Lokal Shoes Mj,5.0,24,Sepatu Olahraga WSFY SM-03 Lari Badminton Volly dll Outdoor Running - putih merah
Lokal Shoes Mj (C-04),0,0,"Rp182,999.00",100000-200000,0,0,0,0-50,Lokal Shoes Mj,5.0,24,Sepatu Lari Unisex Running (C-04) Pria Wanita Outdoor Olahraga - biru abu
Vanderzu Fr302,2,1,"Rp129,999.00",100000-200000,1,1,0,0-50,Vanderzu,5.0,964,Sepatu Running Sneaker Olahraga Pria Wanita Vanderzu FR 302 Putih Lis Merah - Putih Merah
Hundred Running Shoes Glidepace,3,2,"Rp499,800.00",400000-500000,1,3,0.5,50-60,Hundred Store Indonesia,5.0,907,Hundred Running Shoes Glidepace HRFS-4M14 - White/Lt.Blue
Batik Ayam Wareng Khas Kabupaten Tangerang Culture Chosamon Running Shoes,0,0,"Rp240,000.00",200000-300000,0,2,0,0-50,Chosamonofficial,5.0,87000,Sepatu Batik AYAM WARENG Khas Kabupaten Tangerang Culture Chosamon RUNNING COOL Original Sepatu Olahraga Lari - RUN CL BTK AYAM UNGU SOL HITAM
Chosamon Sheldon,0,0,"Rp229,000.00",200000-300000,0,4,0,0-50,Chosamonofficial,5.0,87000,Chosamon SHELDON Original Sepatu Lari Training Gym Unisex pria dan wanita Jogging Sprint Maraton Outdoor - CS SHELDON Stabilo Oren
Filmora Alpha,0,0,"Rp180,600.00",100000-200000,0,0,0,0-50,Filmora Store,5.0,12000,FILMORA Sepatu Running Shoes Alpha Size 39-44 Warna Hitam Outdoor - 39
T-30 Pu Laether Phylon Ringan Anti Slip Outdoor,0,0,"Rp155,549.00",100000-200000,0,0,0,0-50,Sepatu Lokal Mojokerto Puri,5.0,53,Sepatu Lari Running Working T-30 PU Laether Phylon Ringan Anti Slip Outdoor - abu
Filmora Alpha,0,0,"Rp181,800.00",100000-200000,0,0,0,0-50,Filmora Store,5.0,12000,FILMORA Sepatu Running Alpha Size 39-44 Warna Kuning sepatu Running Outdoor Lari Olahraga - 39
Hipzo M-68,0,0,"Rp173,789.00",100000-200000,0,0,0,0-50,Sepatu Lokal Mojokerto Puri,5.0,53,(Original) Original Hipzo Sepatu Lari Olahraga Ringan M-68 Running Outdoor Kaki Running - putih
Sepatu Lokal Mojokerto Puri (J73) - Hitam,0,0,"Rp137,249.00",100000-200000,0,0,0,0-50,Sepatu Lokal Mojokerto Puri,5.0,53,(Original) Sepatu Olahraga Lari Pria Wanita Unisex (J-73) Kaki Running - HITAM
Sepatu Lari Wanita Unisex (J-92),0,0,"Rp173,849.00",100000-200000,0,0,0,0-50,Sepatu Lokal Mojokerto Puri,5.0,53,Srpatu Lari Olahraga Pria Wanita Unisex (J-92) Orange - Orange
Filmora Onarstreet,0,0,"Rp435,000.00",400000-500000,0,0,0,0-50,Filmora Store,5.0,12000,FILMORA Sepatu Runing original onarstreet 36-40 Running Outdoor - putih biru
Batik Rambutan Parakan Khas Kabupaten Tangerang Culture Chosamon Running Shoes,0,0,"Rp240,000.00",200000-300000,0,2,0,0-50,Chosamonofficial,5.0,87000,Sepatu Batik Rambutan Parakan Khas Kabupaten Tangerang Culture Chosamon RUNNING COOL Original Sepatu Olahraga Lari - RUN CL BTK RAMBUTAN HITAM
Diadora Hayder,0,0,"Rp350,000.00",300000-400000,0,2,0,0-50,Out Of The Box Id,5.0,86000,Sepatu Lari Pria Diadora Hayder Black - 39
Lining Chitu 5.0,0,0,"Rp499,000.00",400000-500000,0,1,0,0-50,Starting Lane Id,5.0,104000,Sepatu Lari Li-Ning Chitu 5.0 White Silver Original - 11~(45)
Ardiles Burst,0,0,"Rp479,000.00",400000-500000,0,0,0,0-50,Starting Lane Id,5.0,104000,Sepatu Lari Pria Ardiles Original Burst Hitam Burst-hitam - 38
Adidas Runfalcon 3.0 Legend Ink,0,0,"Rp459,000.00",400000-500000,0,1,0,0-50,Starting Lane Id,5.0,104000,Sepatu Lari Adidas Runfalcon 3.0 Legend Ink Original Id2282 - 10~(44 2/3)
Onetixs Khagaya,0,0,"Rp111,960.00",100000-200000,0,2,0,0-50,Onetixs.Id,5.0,46,SEPATU LARI PRIA ONETIXS KHAGAYA TERBARU DAN TERLARIS HIGH QUALITY Olahraga Outdoor Running - ARMY ORANGE
Adidas Galaxy 7 M,0,0,"Rp510,000.00",500000-600000,0,1,0,0-50,Out Of The Box Id,5.0,86000,Sepatu Lari Adidas Galaxy 7 M Black Black ID8757 - UK 11/ 46
Kodachi Astoria X Hitam Putih Sports,0,0,"Rp399,000.00",300000-400000,0,0,0,0-50,Sepatu Kodachi Warrior,5.0,85000,Sepatu Kodachi Astoria X Hitam Putih Sports Casual Training Fashion Shoes Pria Wanita - 39
Diadora Hayder,0,0,"Rp350,000.00",300000-400000,0,0,0,0-50,Out Of The Box Id,5.0,86000,Sepatu Lari Jogging Pria Diadora Hayder White - 42
Diadora Maco,0,0,"Rp499,000.00",400000-500000,0,2,0,0-50,Alat Olahraga Id,5.0,172000,Sepatu Running Diadora Maco Black - 39
Keeping Ksr720,0,0,"Rp144,530.00",100000-200000,0,5,0,0-50,Keeping,5.0,156000,Keeping Sepatu Sneakers Pria Putih Sepatu Olahraga Hangout Cowok Anti Slip Sports Running Shoes KSR720 - Putih
Diadora Hayder,0,0,"Rp300,000.00",300000-400000,0,0,0,0-50,Out Of The Box Id,5.0,86000,Sepatu Lari Jogging Pria Diadora Hayder Navy - 39
Modalita777 Running Shoes,0,0,"Rp107,000.00",100000-200000,0,0,0,0-50,Modalita777,5.0,426,Sepatu Running pria/sepatu Outdoor/sepatu cowok dewasa/sepatu Olahraga/sepatu kekinian/sepatu keren ori/sepatu outfit pria/sepatu pria/sepatu cowok/sepatu sneakers shoes/sepatu sneakers cowok/sepatu cowok keren/sepatu buat cowok - ARMY PUTIH
Adidas Switch Move,0,0,"Rp595,000.00",500000-600000,0,3,0,0-50,Run N Go Sport,5.0,695,Sepatu Lari Pria Adidas Switch move - ID5252
Lvr Hyunjin,0,0,"Rp135,500.00",100000-200000,0,4,0,0-50,Levieree Shop,5.0,224000,LVR Hyunjin Sepatu Sneakers Pria Trendy Sepatu Casual Pria Sepatu Sport Pria FREE BOX LV0631 - Putih
Sepatu Lokal Mojokerto Puri (C04) - Biru Abu,0,0,"Rp182,999.00",100000-200000,0,0,0,0-50,Sepatu Lokal Mojokerto Puri,5.0,53,(Original) Sepatu Lari Unisex Running (C-04) Pria Wanita Outdoor Olahraga Kaki Running - biru abu
Sepatu Lokal Mojokerto Puri (C03) - Hitam,0,0,"Rp137,249.00",100000-200000,0,0,0,0-50,Sepatu Lokal Mojokerto Puri,5.0,53,(Original) Sepatu Lari Unisex Running (C-03) Pria Wanita Outdoor Olahraga Kaki Running - hitam
Sepatu Lokal Mojokerto Puri (C04) - Coklat,0,0,"Rp182,999.00",100000-200000,0,0,0,0-50,Sepatu Lokal Mojokerto Puri,5.0,53,(Original) Sepatu Lari Unisex Running (C-04) Pria Wanita Outdoor Olahraga Kaki Running - coklat
Filmora Alpha,0,0,"Rp181,800.00",100000-200000,0,2,0,0-50,Filmora Store,5.0,12000,FILMORA Sepatu Running Shoes Outdoor Alpha Series warna Biru - 39
Hipzo Dll H-01,0,0,"Rp210,389.00",200000-300000,0,1,0,0-50,Sepatu Lokal Mojokerto Puri,5.0,53,(Original) Original Hipzo Sepatu Lari Olahraga Badminton Dll H-01 Kaki Running - orange
Xpreme Running Speed X,0,0,"Rp176,000.00",100000-200000,0,100,0,0-50,Xpreme,5.0,15000,SEPATU XPREME OLAH RAGA RUNNING SPEED X WHITE ORANGE PRIA - SEPATU LARI PRIA Outdoor - White orange
Xpreme Running Xpreme Runspeed,0,0,"Rp184,000.00",100000-200000,0,10,0,0-50,Xpreme,5.0,15000,XPREME - SEPATU OLAH RAGA RUNNING XPREME RUNSPEED HITAM STABILO - SEPATU SPORT NYAMAN DI PAKAI - HITAM STABILO
Beyoma Bym071,0,0,"Rp230,000.00",200000-300000,0,0,0,0-50,Beyoma,5.0,35000,SEPATU BEYOMA SPORT SNEAKERS RUNNING PRIA WANITA COD GROSIR BYM071 - Hitam
Eagle Banderas,0,0,"Rp335,000.00",300000-400000,0,0,0,0-50,Prochampion,5.0,1683000,Sepatu Running EAGLE Banderas Abu Tua Abu-abu - 39
Beyoma Legacy Classic By024,0,0,"Rp280,000.00",200000-300000,0,6,0,0-50,Beyoma,5.0,35000,SEPATU BEYOMA LEGACY CLASSIC ORIGINAL Pria Wanita Sneakers Sport Running Shoes Olahraga Free Kotak Box BY024 Outdoor - Navy
Beyoma Bym184,0,0,"Rp260,000.00",200000-300000,0,0,0,0-50,Beyoma,5.0,35000,SEPATU BEYOMA SPORT SNEAKERS RUNNING PRIA WANITA COD GROSIR BYM184 - BlackWhite
Beyoma Bym136,0,0,"Rp290,000.00",200000-300000,0,0,0,0-50,Beyoma,5.0,35000,SEPATU BEYOMA SPORT SNEAKERS RUNNING PRIA WANITA COD GROSIR BYM136 - Putih
Ortuseight Hyperdrive 2.2,0,0,"Rp585,000.00",500000-600000,0,0,0,0-50,Prochampion,5.0,1683000,Sepatu Running Ortuseight Hyperdrive 2.2 All White - 44
Beyoma Bym034,0,0,"Rp250,000.00",200000-300000,0,0,0,0-50,Beyoma,5.0,35000,SEPATU BEYOMA SPORT SNEAKERS RUNNING PRIA WANITA COD GROSIR BYM034 - Beige
Beyoma Bym007,0,0,"Rp300,000.00",300000-400000,0,0,0,0-50,Beyoma,5.0,35000,SEPATU BEYOMA SPORT SNEAKERS RUNNING PRIA WANITA COD GROSIR BYM007 - Hitam
Beyoma Bym140,0,0,"Rp270,000.00",200000-300000,0,0,0,0-50,Beyoma,5.0,35000,SEPATU BEYOMA SPORT SNEAKERS RUNNING PRIA WANITA COD GROSIR BYM140 - Hitam
Aza Run 1 Pygmalion Galaxy,0,0,"Rp477,914.00",400000-500000,0,4,0,0-50,Persebaya Store,5.0,93000,Sepatu Lari AZA RUN 1 Pygmalion Galaxy Black - Sepatu Running Pria Wanita - 36
Beyoma Alpha Pro By059,0,0,"Rp220,000.00",200000-300000,0,1,0,0-50,Beyoma,5.0,35000,SEPATU BEYOMA ALPHA PRO Original Pria Wanita Sneakers Sport Running Shoes Olahraga Free Kotak Box BY059 Outdoor - Abu abu
Beyoma Bym123,0,0,"Rp230,000.00",200000-300000,0,0,0,0-50,Beyoma,5.0,35000,SEPATU BEYOMA SPORT SNEAKERS RUNNING PRIA WANITA COD GROSIR BYM123 - Putih
Beyoma Max,0,0,"Rp280,000.00",200000-300000,0,0,0,0-50,Beyoma,5.0,35000,SEPATU BEYOMA MAX RUNNING Original Pria Wanita Sneakers Sport COD - Abu Tua
Beyoma Running Shoes,0,0,"Rp270,000.00",200000-300000,0,0,0,0-50,Beyoma,5.0,35000,SEPATU BEYOMA RUNNING Original Pria Wanita Sneakers Sport COD - Orange
Adidas Court,0,0,"Rp600,000.00",600000-700000,0,0,0,0-50,Zalora Indonesia,5.0,49000,ADIDAS Court Shoes Sports Performance Shoes Pria - Footwear White/Core Black/Preloved Scarlet
Eagle Raven,0,0,"Rp230,000.00",200000-300000,0,0,0,0-50,Prochampion,5.0,1683000,New ! Sepatu Lari / Running Eagle Shoes Raven Biru Tua Putih - 38
Hundred Running Shoes Glidepace,0,0,"Rp449,000.00",400000-500000,0,0,0,0-50,Prochampion,5.0,1683000,Sepatu Lari Running Shoes Hundred HNDRD GLIDEPACE Black Yellow Orchid - 44
Hyperblast Laufen,0,0,"Rp208,000.00",200000-300000,0,0,0,0-50,Muhsa.Co,5.0,271,MUHSA.CO-Sepatu Running Pria Olahraga Jogging Sepatu Sneakers Sport cowok Original Hitam Hijau Hyperblast laufen Outdoor sepatu jogging - hitam
Agility Ace,0,0,"Rp226,950.00",200000-300000,0,4,0,0-50,Muhsa.Co,5.0,271,Sepatu Olahraga Pria Running Jogging Lari Navy-Agility Ace MUHSA.CO untuk Aktivitas Outdoor - NAVY
Agility Ace,0,0,"Rp226,950.00",200000-300000,0,4,0,0-50,Muhsa.Co,5.0,271,Sepatu Lari Pria Running Olahraga Jogging Lari Gray-Agility Ace MUHSA.CO untuk Aktivitas Outdoor - GRAY
Beyoma Bym025,0,0,"Rp280,000.00",200000-300000,0,0,0,0-50,Beyoma,5.0,35000,SEPATU BEYOMA SPORT SNEAKERS RUNNING PRIA WANITA COD GROSIR BYM025 - Hijau
Beyoma Running Shoes,0,0,"Rp270,000.00",200000-300000,0,0,0,0-50,Beyoma,5.0,35000,SEPATU BEYOMA SPORT SNEAKERS RUNNING PRIA WANITA COD GROSIR BARU - Putih Biru
Beyoma Bym099,0,0,"Rp260,000.00",200000-300000,0,0,0,0-50,Beyoma,5.0,35000,SEPATU BEYOMA SPORT SNEAKERS RUNNING PRIA WANITA COD GROSIR BYM099 - Hitam
Beyoma By255,0,0,"Rp150,000.00",100000-200000,0,1,0,0-50,Beyoma,5.0,35000,Sepatu BEYOMA Lari Olahraga Sneakers Olahraga BY255 Outdoor Running - Burgundy
Ardiles Metora Starter,0,0,"Rp459,800.00",400000-500000,0,4,0,0-50,Ardilesofficial,5.0,237000,Ardiles Metora Starter Sepatu Lari - White - Citroen - Navy Bird - Black - White
Calci Arcane Cross,0,0,"Rp349,000.00",300000-400000,0,2,0,0-50,Calci Indonesia,5.0,73000,CALCI Sepatu Lari / Running Shoes Arcane Cross - Flame/Pigeon - 36
Ardiles Nfinity Raiton Active - All Black,0,0,"Rp529,800.00",500000-600000,0,3,0,0-50,Ardilesofficial,5.0,237000,Ardiles Nfinity Raiton Active Sepatu Lari - All Black
Jackson Active Trail 1,0,0,"Rp379,000.00",300000-400000,0,0,0,0-50,Jackson Shoes,5.0,56000,Jackson Active Trail 1 Black Pink - 36
Jackson Active Haze 1Ut,0,0,"Rp529,000.00",500000-600000,0,2,0,0-50,Jackson Shoes,5.0,56000,Jackson Active Haze 1UT - Sepatu Sporty - Full Black
Jackson Active Strada 2,0,0,"Rp379,000.00",300000-400000,0,0,0,0-50,Jackson Shoes,5.0,56000,Jackson Active Strada 2 Navy - 35
Jackson Active Kiro 1Mt,0,0,"Rp599,000.00",500000-600000,0,0,0,0-50,Jackson Shoes,5.0,56000,Jackson Active Kiro 1MT - Sepatu Sporty - Navy
Jackson Active Pacer 1,0,0,"Rp379,000.00",300000-400000,0,2,0,0-50,Jackson Shoes,5.0,56000,Jackson Active Pacer 1 Black Purple - 39
Jackson Active Wilder 1,0,0,"Rp309,000.00",300000-400000,0,1,0,0-50,Jackson Shoes,5.0,56000,Jackson Active Wilder 1 Black - 36
Jackson Active Strada 2,0,0,"Rp379,000.00",300000-400000,0,1,0,0-50,Jackson Shoes,5.0,56000,Jackson Active Strada 2 Purple - 35
Jackson Active Strada 1,0,0,"Rp379,000.00",300000-400000,0,0,0,0-50,Jackson Shoes,5.0,56000,Jackson Active Strada 1 Black Pink - 35
Jackson Active Pulsar 1,0,0,"Rp309,000.00",300000-400000,0,1,0,0-50,Jackson Shoes,5.0,56000,Jackson Active Pulsar 1 Black - 39
Jackson Active Boomer 1,0,0,"Rp379,000.00",300000-400000,0,1,0,0-50,Jackson Shoes,5.0,56000,Jackson Active Boomer 1 Pink - 36
Jackson Active Luki 1Bl7,0,0,"Rp609,000.00",600000-700000,0,0,0,0-50,Jackson Shoes,5.0,56000,Jackson Active Luki 1BL7 - Sepatu Sporty - Black
Jackson Active Kiro 1Ut,0,0,"Rp599,000.00",500000-600000,0,1,0,0-50,Jackson Shoes,5.0,56000,Jackson Active Kiro 1UT - Sepatu Sporty - Full Black
Adidas Response,0,0,"Rp600,000.00",600000-700000,0,1,0,0-50,Running Dept,5.0,104000,Sepatu Lari Unisex ADIDAS RESPONSE IH6005 ORIGINAL - 44.5
Under Armour Charged Versurge,0,0,"Rp559,300.00",500000-600000,0,0,0,0-50,Running Dept,5.0,104000,Sepatu Lari Pria UNDER ARMOUR CHARGED VERSURGE 3028372600 ORIGINAL - 44.5
Adidas Lite Racer 4.0,0,0,"Rp422,500.00",400000-500000,0,2,0,0-50,Running Dept,5.0,104000,Sepatu Sneakers Pria ADIDAS LITE RACER 4.0 JI4947 ORIGINAL - 45
Corvalue Footwear Oshima,0,0,"Rp330,000.00",300000-400000,0,5,0,0-50,Corvaluefootwear,5.0,363000,CORVALUE FOOTWEAR - Oshima Black White | Sepatu Pria wanita | Shoes Sneakers Pria wanita Outdoor Casual - Oshima Black White
Adidas Runfalcon 3.0,0,0,"Rp552,500.00",500000-600000,0,1,0,0-50,Running Dept,5.0,104000,Sepatu Lari Pria ADIDAS RUNFALCON 3.0 ID2286 ORIGINAL - 45
Adidas Galaxy 6,0,0,"Rp510,000.00",500000-600000,0,1,0,0-50,Running Dept,5.0,104000,Sepatu Lari Pria ADIDAS GALAXY 6 GW4139 ORIGINAL - 44.5
Diadora Hayder,0,0,"Rp321,300.00",300000-400000,0,7,0,0-50,Rud Runner,5.0,933,Sepatu Lari Pria Diadora Hayder Black - 39
Adidas Runfalcon 5,0,0,"Rp595,000.00",500000-600000,0,0,0,0-50,Running Dept,5.0,104000,Sepatu Lari Pria ADIDAS RUNFALCON 5 JI0873 ORIGINAL - BLACK WHITE
Adidas Heawyn,0,0,"Rp510,000.00",500000-600000,0,1,0,0-50,Running Dept,5.0,104000,Sepatu Lari Pria ADIDAS HEAWYN IG2382 ORIGINAL - 44
Puma Night Runner V3,0,0,"Rp559,300.00",500000-600000,0,1,0,0-50,Running Dept,5.0,104000,Sepatu Lari Pria PUMA NIGHT RUNNER V3 31004004 ORIGINAL - 44
Reebok Lite Plus 4,0,0,"Rp599,400.00",500000-600000,0,0,0,0-50,Running Dept,5.0,104000,Sepatu Lari Unisex REEBOK LITE PLUS 4 100209920 ORIGINAL - 44
Adidas Runfalcon 5,0,0,"Rp595,000.00",500000-600000,0,0,0,0-50,Running Dept,5.0,104000,Sepatu Lari Unisex ADIDAS RUNFALCON 5 IH7757 ORIGINAL - 44
Adidas Switch Move U,0,0,"Rp510,000.00",500000-600000,0,0,0,0-50,Running Dept,5.0,104000,Sepatu Lari Pria ADIDAS SWITCH MOVE U ID5251 ORIGINAL - 40.5
Puma Flyer Lite 3,0,0,"Rp559,300.00",500000-600000,0,5,0,0-50,Rud Runner,5.0,933,Sepatu Lari Pria Puma Flyer Lite 3 Black - 31079701 - 37.5
Calci Audacity Blast,0,0,"Rp349,800.00",300000-400000,0,2,0,0-50,Calci Indonesia,5.0,73000,CALCI Sepatu Lari / Running Shoes Audacity Blast - Citadel/Orange - 36
Ardiles Nfinity Runactive,0,0,"Rp549,800.00",500000-600000,0,1,0,0-50,Ardilesofficial,5.0,237000,Ardiles Nfinity Runactive Sepatu Lari - White Sunburn - Green Yellow - White Sunburn
Mills Specter New,0,0,"Rp329,000.00",300000-400000,0,3,0,0-50,Sportaways,5.0,327000,Sepatu Running Mills Specter New Original - Dk.Grey/Neon
Decathlon Kalenji,5,33,"Rp398,000.00",300000-400000,7,50,1,90-100,Decathlon Indonesia,5.0,2498000,Decathlon KALENJI Sepatu Lari Wanita Be Dry - Pink - 8803405 - 36
910 Nineten Geist Ekiden,5,232,"Rp449,999.00",400000-500000,79,250,0.97,90-100,910 Nineten Shoes,5.0,1176000,910 Nineten Geist Ekiden Sepatu Lari - Hitam/HItam - 38
910 Nineten Kanzaki 1.0,5,256,"Rp559,900.00",500000-600000,204,750,0.98,90-100,910 Nineten Shoes,5.0,1176000,910 Nineten Shoes - KANZAKI 1.0 / TRIPLE-BLACK/BIRU/UNGU Sepatu Lari Lokal Running Outdoor Running Outdoor - 37
Hyougen Hatzuki,5,1,"Rp259,000.00",200000-300000,1,9,1,90-100,Hyougen,5.0,16000,Hyougen Hatzuki Hitam Oren Sepatu Running Size 39-43 Sepatu Lari - 39
Naz Dylan,5,73,"Rp350,000.00",300000-400000,0,100,0.93,90-100,Sepatulokalid,5.0,28000,Sepatu Lari Pria Running Olahraga Sneakers Casual Kasual - NAZ DYLAN - 39
Hyougen Daisen 1.2 Super,5,8,"Rp259,000.00",200000-300000,8,26,1,90-100,Hyougen,5.0,16000,HYOUGEN Daisen 1.2 Super Navy Oren Sepatu Running Size 39-44 Sepatu Lari - 39
Hyougen Hatzuki,5,6,"Rp259,000.00",200000-300000,6,21,1,90-100,Hyougen,5.0,16000,Hyougen Hatzuki Biru Oren Sepatu Running Size 39-43 Sepatu Lari - 39
Unerd Performance Bourka,5,836,"Rp469,000.00",400000-500000,465,3000,0.98,90-100,Unerd Footwear,5.0,138000,UNERD PERFORMANCE | BOURKA | Sepatu Running Lari Olahraga - Meta Black
Corvalue Footwear Kakunodate,5,6,"Rp209,000.00",200000-300000,4,25,1,90-100,Corvaluefootwear,5.0,363000,CORVALUE FOOTWEAR - Kakunodate White | Sepatu Unisex Pria wanita | Sepatu Lari Outdoor Sporty Running - Kakunodate White
Ortuseight Berlin,5,198,"Rp509,150.00",500000-600000,64,250,0.99,90-100,Rank Sports,5.0,502000,SEPATU LARI/RUNNING ORTUSEIGHT BERLIN - BEIGE - 41
Ortuseight Berlin,5,199,"Rp509,150.00",500000-600000,66,250,1,90-100,Rank Sports,5.0,502000,SEPATU LARI/RUNNING ORTUSEIGHT BERLIN - BLACK - 37
Ardiles Nfinity Raiton Active,5,16,"Rp529,800.00",500000-600000,7,30,1,90-100,Ardilesofficial,5.0,237000,Ardiles Nfinity Raiton Active Sepatu Lari - All Black - Hitam
Ardiles Nfinity Flash 2.0,5,4,"Rp579,800.00",500000-600000,3,10,1,90-100,Ardilesofficial,5.0,237000,Ardiles Nfinity Flash 2.0 Sepatu Lari - Black Atlantis - Hitam
Ardiles Raiton Blaze,5,3,"Rp284,886.00",200000-300000,1,5,1,90-100,Ardilesofficial,5.0,237000,Ardiles Raiton Blaze Sepatu Lari - Oranye Hitam - Oranye Hitam
Calci Audacity Blast,5,4,"Rp349,800.00",300000-400000,3,12,1,90-100,Calci Indonesia,5.0,73000,CALCI Sepatu Lari / Running Shoes Audacity Blast - White/Citroen - 36
Corvalue Oddate,5,20,"Rp400,000.00",400000-500000,13,40,0.95,90-100,Corvaluefootwear,5.0,363000,SEPATU CORVALUE FOOTWEAR - Sepatu Olahraga Running Unisex Pria wanita Oddate Original Sepatu Lari Outdor Sporty - Oddate F.B
Xpreme Running Speed X,5,3,"Rp176,000.00",100000-200000,1,1000,1,90-100,Xpreme,5.0,15000,Sepatu olah raga xpreme speed x hitam tosca - sepatu lari pria nyaman dan empuk Running Outdoor Olahraga Sport - Fullblack
Xpreme Running Speed X,5,2,"Rp184,000.00",100000-200000,1,100,1,90-100,Xpreme,5.0,15000,XPREME - SEPATU OLAH RAGA RUNNING XPREME SPEED X BLACK GOLD ORIGINAL - SEPATU LARI PRIA Outdoor - Runing Black gold
Ortuseight X Marvel Phanter Encore,5,7,"Rp559,300.00",500000-600000,2,18,0.85,80-90,Rank Sports,5.0,502000,SEPATU LARI/RUNNING ORTUSEIGHT X MARVEL PHANTER ENCORE - BLACK/WEAVE - 37
Nike Legend Essential 3,5,2,"Rp548,730.00",500000-600000,1,7,1,90-100,Run N Go Sport,5.0,695,Sepatu Lari Pria NIKE Men Training Legend Essential 3 - DM1120-300
Diadora Hayder,5,2,"Rp367,200.00",300000-400000,0,5,1,90-100,Run N Go Sport,5.0,695,Sepatu Lari Diadora Hayder Navy
Leedoo Mr802,5,27,"Rp129,000.00",100000-200000,11,90,1,90-100,Leedoo,5.0,1851000,Leedoo Sepatu Sneakers Pria Karet Sepatu Kerja Kuliah Sepatu Olahraga Lari Sepatu Cowok Casual Antiselip MR802 - Hitam 
Agility Ace,5,8,"Rp226,950.00",200000-300000,7,30,1,90-100,Muhsa.Co,5.0,271,Sepatu Running Jogging Lari Olahraga Pria Full Black-Agility Ace MUHSA.CO dengan Tali Pengencang Kokoh Outdoor - NAVY
Leedoo Ml701,5,54,"Rp159,000.00",100000-200000,26,250,1,90-100,Leedoo,5.0,1851000,Leedoo Sepatu Sneakers Pria Model Casual Putih Kekinian Sepatu Lari Jogging Shoes Formal Antiselip ML701 - Hitam 
Jackson Active Lances 1,5,1,"Rp309,000.00",300000-400000,1,1,1,90-100,Jackson Shoes,5.0,56000,Jackson Active Lances 1 Black Orange - 39
Jackson Active Fast 1,5,1,"Rp459,000.00",400000-500000,0,1,1,90-100,Jackson Shoes,5.0,56000,Jackson Active Fast 1 Black - 35
Jackson Active Vector 1,5,4,"Rp379,000.00",300000-400000,2,6,1,90-100,Jackson Shoes,5.0,56000,Jackson Active Vector 1 Blue - 39
Jackson Active Lances 1,5,3,"Rp309,000.00",300000-400000,0,3,1,90-100,Jackson Shoes,5.0,56000,Jackson Active Lances 1 Navy Yellow - 40
Reebok Runner 2.5,5,4,"Rp539,400.00",500000-600000,1,4,1,90-100,Sneakers Dept,5.0,1844000,Sepatu Lari Pria REEBOK RUNNER 2.5 100211581 ORIGINAL - 45
Reebok Lite Plus 4,5,6,"Rp599,400.00",500000-600000,4,9,1,90-100,Sneakers Dept,5.0,1844000,Sepatu Lari Pria REEBOK LITE PLUS 4 100209920 ORIGINAL - 44
Brodo Active Venturi Coral,5,19,"Rp609,000.00",600000-700000,15,70,0.89,80-90,Brodo Footwear,5.0,1687000,BRODO - Running Shoes Active Venturi Coral Red - 40
Jackson Active Fast 1,5,1,"Rp459,000.00",400000-500000,0,2,1,90-100,Jackson Shoes,5.0,56000,Jackson Active Fast 1 White - 35
Jackson Active Trail 1,5,2,"Rp379,000.00",300000-400000,1,4,1,90-100,Jackson Shoes,5.0,56000,Jackson Active Trail 1 Light Blue - 36
Jackson Active Vector 1,5,2,"Rp379,000.00",300000-400000,0,4,1,90-100,Jackson Shoes,5.0,56000,Jackson Active Vector 1 Red - 39
Jackson Active Aloz 1Ut,5,1,"Rp599,000.00",500000-600000,0,1,1,90-100,Jackson Shoes,5.0,56000,Jackson Active Aloz 1UT - Sepatu Sporty - Full Black
Jackson Aktive Wilder,5,4,"Rp309,000.00",300000-400000,2,4,1,90-100,Jackson Shoes,5.0,56000,Jackson Aktive Wilder 1 Pink - 36
Jackson Active Pacer 1,5,2,"Rp379,000.00",300000-400000,1,5,1,90-100,Jackson Shoes,5.0,56000,Jackson Active Pacer 1 Maroon Gold - 39
Jackson Active Wilder 1,5,4,"Rp309,000.00",300000-400000,1,4,1,90-100,Jackson Shoes,5.0,56000,Jackson Active Wilder 1 Light Blue - 36
Jackson Active Vector 1,5,1,"Rp379,000.00",300000-400000,1,3,1,90-100,Jackson Shoes,5.0,56000,Jackson Active Vector 1 Black - 39
Jackson Active Strada 1,5,1,"Rp379,000.00",300000-400000,0,1,1,90-100,Jackson Shoes,5.0,56000,Jackson Active Strada 1 Black White - 35
Jackson Active Nero 1Ut,5,4,"Rp599,000.00",500000-600000,0,7,1,90-100,Jackson Shoes,5.0,56000,Jackson Active Nero 1UT - Sepatu Sporty - Light Blue
Jackson Active Strada 1,5,1,"Rp379,000.00",300000-400000,0,1,1,90-100,Jackson Shoes,5.0,56000,Jackson Active Strada 1 Navy Pink - 35
Decathlon Kalenji,5,13,"Rp398,000.00",300000-400000,4,21,0.92,90-100,Decathlon Indonesia,5.0,2499000,Decathlon Sepatu Trainer Pria KLNJ Be Dry Hitam - 8803395 - 40
Ortuseight Hyperblast Encore,5,157,"Rp599,000.00",500000-600000,87,500,0.99,90-100,Ortuseight,5.0,356000,Ortuseight Sepatu Running Hyperblast Encore White Camo - White Camo
Specs Cloudblazer,5,8,"Rp549,800.00",500000-600000,7,30,1,90-100,Specs Indonesia,5.0,144000,SPECS SEPATU RUNNING CLOUDBLAZER WHITE ASSYLUM/NOMAD SPE1040079 - WHITE ASSYLUM
Specs Atmozphyr,5,16,"Rp494,820.00",400000-500000,11,30,1,90-100,Specs Indonesia,5.0,144000,SPECS SEPATU RUNNING ATMOZPHYR METRO BLUE DE BLANC SPE1040036 - BLUE
Sfidn Fits Cloudwalker Series Casual Running Shoes,5,332,"Rp343,000.00",300000-400000,181,500,0.97,90-100,Sfidn Fits Shop,5.0,1267000,SFIDN FITS Cloudwalker Series Sepatu Pria Casual Sneaker Running Shoes - Biru
Ortuseight Hyperdrive 2.2,5,135,"Rp649,000.00",600000-700000,43,250,0.97,90-100,Ortuseight,5.0,356000,Ortuseight Sepatu Running Hyperdrive 2.2 All Black - All Black
Mills Running Shoes Enermax Dynaplate Morph,5,3,"Rp539,600.00",500000-600000,3,10,1,90-100,Mills Official,5.0,763000,Mills Sepatu Lari Running Shoes Enermax Dynaplate Morph Black / Red / Blue / White 9104801 - Blk/Red/Bl/Wht
Unerd Performance Bourka,5,837,"Rp469,000.00",400000-500000,465,3000,0.98,90-100,Unerd Footwear,5.0,138000,UNERD PERFORMANCE | BOURKA | Sepatu Running Lari Olahraga - Meta Black
Jackson Active Valor,5,11,"Rp519,000.00",500000-600000,6,24,1,90-100,Jackson Shoes,5.0,56000,Jackson Active Valor - Sepatu Lari - Black
Hyperglide 1.4,5,45,"Rp509,150.00",500000-600000,17,80,1,90-100,Rank Sports,5.0,503000,SEPATU LARI HYPERGLIDE 1.4 - OLYMPIC BLUE/ELECTRICITY/WHITE Outdoor - 46
Ortuseight Berlin,5,201,"Rp509,150.00",500000-600000,67,250,1,90-100,Rank Sports,5.0,503000,SEPATU LARI/RUNNING ORTUSEIGHT BERLIN - BLACK - 37
Adidas Duramo Sl,5,3,"Rp540,000.00",500000-600000,0,5,1,90-100,Running Dept,5.0,104000,Sepatu Lari Pria ADIDAS DURAMO SL FY6681 ORIGINAL - 44.5
Larocking Saka,5,55,"Rp105,708.00",100000-200000,43,100,1,90-100,Larocking,5.0,1077000,Larocking - Saka Hitam | Sepatu Sneakers Casual Gym - Hitam
Ardiles Nfinity Stargaz,5,15,"Rp449,800.00",400000-500000,7,25,1,90-100,Ardilesofficial,5.0,237000,Ardiles Nfinity Stargaz Sepatu Lari - Blackstar - Hitam
910 Nineten Kanzaki 1.0,5,14,"Rp579,900.00",500000-600000,14,50,0.92,90-100,910 Nineten Shoes,5.0,1177000,910 Nineten KANZAKI 1.0 SE Sepatu Lari - Hitam/Pink/Ungu/Biru Running Outdoor - 42
910 Nineten Yokko 1.5,5,14,"Rp529,900.00",500000-600000,9,40,0.92,90-100,910 Nineten Shoes,5.0,1177000,910 Nineten Yokko 1.5 Sepatu Training LifeStyle - Green/Hitam/Putih - 39
Beyoma By123,5,1,"Rp289,000.00",200000-300000,1,16,1,90-100,Beyoma,5.0,35000,Sepatu BEYOMA Run Olahraga Sneakers Sport BY123 Running Outdoor - Putih
Hyperblast Laufen,5,1,"Rp232,550.00",200000-300000,1,1,1,90-100,Muhsa.Co,5.0,272,Muhsa.Co-Sepatu Running Olahraga Pria/Wanita Hyperblast laufen Unisex - Hitam
Eagle Shoes Azka,5,1,"Rp230,000.00",200000-300000,1,1,1,90-100,Prochampion,5.0,1683000,New ! Sepatu Lari / Running Eagle Shoes AZKA Abu Abu Citrun - 37
Beyoma By170,5,5,"Rp278,000.00",200000-300000,5,12,1,90-100,Beyoma,5.0,35000,Sepatu BEYOMA New Running Olahraga Sneakers Sport BY170 Outdoor - Putih
Ath X Wbrn Rx-King Spzl,5,3,"Rp375,000.00",300000-400000,1,20,1,90-100,Wellborn,5.0,208000,ATH x WBRN RX-King SPZL Shoes Black Grey - Hitam
Beyoma Dark Zero By014,5,2,"Rp240,000.00",200000-300000,2,10,1,90-100,Beyoma,5.0,35000,[ORIGINAL] Sepatu BEYOMA Dark Zero Pria Wanita Sneakers Sport Running Shoes Olahraga Free Kotak Box BY014 Outdoor - Beige
Beyoma Foa Rend By006,5,3,"Rp260,000.00",200000-300000,3,8,1,90-100,Beyoma,5.0,35000,[ORIGINAL] Sepatu BEYOMA Foa Rend Pria Sneakers Sport Running Shoes Olahraga Free Kotak Box BY006 Outdoor - Putih
Beyoma Rostory Child Standard By012,5,1,"Rp240,000.00",200000-300000,1,3,1,90-100,Beyoma,5.0,35000,[ORIGINAL] Sepatu BEYOMA ROSTORY CHILD STANDARD Pria Wanita Sneakers Sport Running Shoes Olahraga Free Kotak Box BY012 Outdoor - Coklat
Beyoma By208,5,1,"Rp250,000.00",200000-300000,1,4,1,90-100,Beyoma,5.0,35000,Sepatu BEYOMA Lari Olahraga Sneakers BY208 Outdoor Running - Putih Coklat
Eagle Shoes Azka,5,1,"Rp231,000.00",200000-300000,0,1,1,90-100,Prochampion,5.0,1683000,New ! Sepatu Lari / Running Original Eagle Shoes AZKA - ABU ABU CITRUN
Eagle Shoes Shadowrun,5,2,"Rp375,000.00",300000-400000,1,4,1,90-100,Prochampion,5.0,1683000,New ! Sepatu Lari / Running Original Eagle Shoes SHADOWRUN Biru Oranye - 41
Beyoma Air Gerigi 3 High By027,5,21,"Rp310,000.00",300000-400000,21,60,1,90-100,Beyoma,5.0,35000,SEPATU BEYOMA AIR GERIGI 3 HIGH ORIGINAL Pria Wanita Sneakers Sport Running Shoes Olahraga Free Kotak Box BY027 Outdoor - Hitam
Beyoma By235,5,4,"Rp230,000.00",200000-300000,4,25,1,90-100,Beyoma,5.0,35000,Sepatu BEYOMA Lari Olahraga Sneakers BY235 Uniseks Outdoor Running - Hitam Putih
Adidas Court,5,1,"Rp600,000.00",600000-700000,1,4,1,90-100,Zalora Indonesia,5.0,49000,ADIDAS Court Shoes Sports Performance Shoes Pria - Footwear White/Core Black/Preloved Scarlet
Beyoma By270,5,1,"Rp150,000.00",100000-200000,1,8,1,90-100,Beyoma,5.0,35000,Sepatu BEYOMA Lari Olahraga Sneakers Olahraga BY270 Outdoor Running - Coklat
Eagle Shoes Hampton,5,2,"Rp231,000.00",200000-300000,1,3,1,90-100,Prochampion,5.0,1683000,New ! Sepatu Lari / Running Eagle Shoes HAMPTON Abu Tua Oranye - 44
910 Nineten Kishi,5,3,"Rp562,425.00",500000-600000,0,6,1,90-100,Starting Lane Id,5.0,104000,Sepatu Lari Nineten Kishi Run Flow Putih Original N02764587456542 - 40
910 Nineten Haze Veloce,5,1,"Rp509,940.00",500000-600000,0,1,1,90-100,Starting Lane Id,5.0,104000,Sepatu Lari Nineten Haze Veloce Se Jakarta Biru Original N554678554367 - 41
910 Nineten Haze Vision 1.0,5,6,"Rp429,000.00",400000-500000,1,11,1,90-100,Starting Lane Id,5.0,104000,Sepatu Lari Nineten Haze Vision 1.0 Biru Tua Original - 38
Lining Chitu 5.0,5,1,"Rp499,000.00",400000-500000,0,1,1,90-100,Starting Lane Id,5.0,104000,Sepatu Lari Li-Ning Chitu 5.0 Silver Grey Original - 7.5~(40 1/3)
910 Nineten Haze 2.0,5,3,"Rp449,000.00",400000-500000,2,9,1,90-100,Starting Lane Id,5.0,104000,Sepatu Lari Nineten Haze 2.0 Putih Biru Original N6457343561287 - 39
Specs Vortex Sv Subs1,5,1,"Rp489,000.00",400000-500000,1,5,1,90-100,Starting Lane Id,5.0,104000,Sepatu Lari Specs Vortex Sv Subs1 White Original - 42
Nike Downshifter 13 Green Frost,5,5,"Rp599,000.00",500000-600000,3,10,1,90-100,Starting Lane Id,5.0,104000,Sepatu Lari Nike Downshifter 13 Green Frost Original Fd6454-101 - 10~(44)
910 Nineten Irezumi Spacepunk,5,1,"Rp407,940.00",400000-500000,0,1,1,90-100,Starting Lane Id,5.0,104000,Sepatu Lari Nineten Irezumi Spacepunk Multicolor Original N32490862142 - 41
Adidas Duramo Sl M Cloud,5,2,"Rp599,000.00",500000-600000,3,4,1,90-100,Starting Lane Id,5.0,104000,Sepatu Lari Adidas Duramo Sl M Cloud White Original - 10~(44 2/3)
910 Nineten Takashi Run 1.5,5,2,"Rp509,925.00",500000-600000,1,3,1,90-100,Starting Lane Id,5.0,104000,Sepatu Lari Nineten Takashi Run 1.5 Kuning/Hitam Original N54891256472 - 40
910 Nineten Haze Strike Prime,5,1,"Rp434,925.00",400000-500000,0,2,1,90-100,Starting Lane Id,5.0,104000,Sepatu Lari Nineten Haze Strike Prime Merah Putih Original N0091112745 - 40
Lining Super Light 19,5,3,"Rp599,000.00",500000-600000,1,5,1,90-100,Starting Lane Id,5.0,104000,Sepatu Lari Li-Ning Super Light 19 Black White Original - 6.5~(39)
910 Nineten Reishika Bolster,5,4,"Rp449,925.00",400000-500000,2,7,1,90-100,Starting Lane Id,5.0,104000,Sepatu Lari Nineten Reishika Bolster Mint Dark Teal Original - 42
Adidas Courtblock,5,4,"Rp630,000.00",600000-700000,3,14,1,90-100,Arkais Official,5.0,135000,ADIDAS COURTBLOCK WOMEN IF6509 / 20241 - UK 3.5
Nevada Mrom,5,2,"Rp429,900.00",400000-500000,2,9,1,90-100,Matahari Official,5.0,427000,Nevada Mrom Sepatu Running Pria 121497695 - FROST GREY
Nevada Avery,5,3,"Rp239,940.00",200000-300000,3,15,1,90-100,Matahari Official,5.0,427000,Nevada Avery Sepatu Sneakers Pria 121338071 - BLACK
Nevada Mrom,5,1,"Rp257,940.00",200000-300000,1,1,1,90-100,Matahari Official,5.0,427000,Nevada Mrom Sepatu Running Pria 121497695 - FROST GREY
Nevada Harvey,5,1,"Rp257,940.00",200000-300000,0,4,1,90-100,Matahari Official,5.0,427000,Nevada Harvey Sepatu Sneakers Pria 121338080 - BLACK
910 Nineten Hiroshi Gtx,5,2,"Rp601,914.00",600000-700000,1,11,1,90-100,Dorado Sportswear,5.0,108000,Sepatu 910 Nineten HIROSHI GTX - ABU-MUDA/ABU-TUA/JINGGA (Running) - 45
Fromzero,5,14,"Rp149,000.00",100000-200000,8,50,1,90-100,Fromzero Store,5.0,48000,Fromzero - Sepatu Running Pria Wanita Fromzero Signal Full Black 36 - 44 - FULL BLACK
Keeping Ksr716,5,7,"Rp149,000.00",100000-200000,4,30,1,90-100,Keeping,5.0,156000,Keeping Sepatu Olahraga Pria Trendy New Sepatu Sekolah Kuliah Travelling Sepatu Jogging Sport Shoes Running Outdoor KSR716 - abu
Keeping Ksr736,5,8,"Rp163,930.00",100000-200000,6,50,1,90-100,Keeping,5.0,156000,Keeping Sepatu Pria Hitam Sepatu Sneakers Cowok Terbaru 2025 Hangout Casual Running Shoes Sepatu Sport Keren KSR736 - Hitam
Keeping Ksr139,5,25,"Rp169,000.00",100000-200000,0,80,1,90-100,Keeping,5.0,156000,Keeping Sepatu Runinng Pria Sneakers Cowok Trendy Sepatu Casual Pria Anti Slip Sepatu Olahraga KSR139 - Hitam
Paulmay Running Go Run,5,8,"Rp244,690.00",200000-300000,5,15,1,90-100,Paulmay,5.0,324000,PAULMAY - Sepatu Sneakers Running Pria Go Run Grey - Grey
Fromzero,5,26,"Rp160,000.00",100000-200000,26,100,1,90-100,Fromzero Store,5.0,48000,Sepatu Running Pria Wanita Outdoor Fromzero Signal Black Red 36 - 44 - BLACK RED
Paulmay Slip On Running Go Walk,5,8,"Rp194,670.00",100000-200000,6,17,1,90-100,Paulmay,5.0,324000,PAULMAY - Sepatu Slip On Running Pria Go Walk - Grey - Grey
Zenifa Running Enzo Ringan Premium Outdoor - Ocean,5,3,"Rp101,950.00",100000-200000,2,25,1,90-100,Zenifa,5.0,7000,Sepatu Pria Sneakers Zenifa Running Enzo Jogging Ringan Olahraga Premium Outdoor - Ocean
Femez Cloudfeet,5,6,"Rp149,000.00",100000-200000,2,10,1,90-100,Femez Official Store,5.0,18000,Femez Cloudfeet Sepatu Pria Ukuran Big Size Jumbo 43-48 Abu Hitam Black Running Olahraga Flipper By Femez - Abu Sol Hitam
Joemen J 92,5,1,"Rp130,000.00",100000-200000,1,1,1,90-100,Joemen_Leather,5.0,9000,Sepatu Pria Joemen J 92 Sneakers Casual Shoes Snekers Hitam Putih - Orange
Femez Cloudfeet,5,2,"Rp149,000.00",100000-200000,0,3,1,90-100,Femez Official Store,5.0,18000,Femez Cloudfeet Sepatu Casual Pria Ukuran Big Size Jumbo 43-48 Biru Navy Merah Sport Olahraga Sepatu Polos FLIPPER by FEMEZRunning Shoes - 43
Morph Lite Full White Sidsneaks Casual Running,5,1,"Rp349,000.00",300000-400000,0,4,1,90-100,Sidsneaks,6.0,8,Sepatu Sneakers Olahraga Pria Morph Lite Full White SIDSNEAKS Casual Running - Shoes untuk Olahraga Outdoor - 44
Femez Borneo 0.2,5,1,"Rp179,000.00",100000-200000,0,1,1,90-100,Femez Official Store,5.0,18000,Femez Sepatu Olahraga Lari Borneo 0.2 Spesial Edition Glow In The Dark Full White Running Sneakers Pria Wanita Full Putih Rubber - Full Putih
Femez Borneo 0.2,5,2,"Rp179,000.00",100000-200000,0,2,1,90-100,Femez Official Store,5.0,18000,Femez Sepatu Olahraga Lari Borneo 0.2 Spesial Edition Glow In The Dark White Black Running Sneakers Pria Wanita Hitam Putih Rubber - Hiam Putih
Sidsneaks Morph Lite,5,1,"Rp349,000.00",300000-400000,1,11,1,90-100,Sidsneaks,6.0,8,Sepatu Olahraga Pria SIDSNEAKS Morph Lite Navy Orange - Fully Knitted Upper
Oldiac Uniqeve,5,1,"Rp189,800.00",100000-200000,0,10,1,90-100,Oldiac Original,5.0,23,Oldiac Uniqeve - Sepatu Joging Pria Sneakers Black Blue 38-44 - UNIQEVE Black Blue
Oldiac Warriors,5,2,"Rp189,800.00",100000-200000,0,3,1,90-100,Oldiac Original,5.0,23,Oldiac Warriors - Sepatu Olahraga Pria Wanita Class Premium Sporty - WARRIORS Orange Blue
Vanderzu Zx3,5,5,"Rp124,999.00",100000-200000,5,15,1,90-100,Lion.Id,5.0,223,Sepatu Vanderzu Original ZX3 Pria wanita Sneaker Olahraga Running Lari Hitam Lis Stabilo Outdoor - Hitam Stabilo
Oldiac Uniqeve,5,1,"Rp189,800.00",100000-200000,1,9,1,90-100,Oldiac Original,5.0,23,Oldiac Uniqeve - Sepatu Lari Pria Sneakers Grey Black Dewasa - UNIQEVE Full Black
Oldiac Uniqeve,5,1,"Rp189,800.00",100000-200000,1,3,1,90-100,Oldiac Original,5.0,23,Oldiac Uniqeve - Sepatu Olahraga Pria Running Blue Orange Limited - UNIQEVE Blue Orange
Oldiac Warriors,5,3,"Rp189,800.00",100000-200000,2,5,1,90-100,Oldiac Original,5.0,23,Oldiac Sepatu Running Pria Warriors Olahraga Lari Hitam dengan Desain Grafis Eksklusif - WARRIORS Full Black
Vanderzu Fr302,5,7,"Rp129,999.00",100000-200000,7,10,1,90-100,Lion.Id,5.0,223,Sepatu Vanderzu FR302 Navy Lis Putih Sneaker Olahraga Lari Pria Wanita Running Shoes Outdoor - Navy Orange
Vanderzu Fr302,5,9,"Rp129,999.00",100000-200000,9,30,1,90-100,Lion.Id,5.0,223,Sepatu Olahraga Lari Pria Wanita Vanderzu FR302 Hitam Gold Sneaker Original - Casual
910 Nineten Hiroshi,5,20,"Rp566,910.00",500000-600000,7,30,1,90-100,Orion Sport,5.0,57000,Sepatu Running 910 HIROSHI - Putih/Abu/Hitam - 39
910 Nineten Kanzaki 2.0,5,6,"Rp521,910.00",500000-600000,4,27,1,90-100,Orion Sport,5.0,57000,910 NINETEN SEPATU RUNNING KANZAKI 2.0 - HITAM/UNGU/MAGENTA - 42
910 Nineteen Tenun Idn Ultra Ekiden,5,3,"Rp494,910.00",400000-500000,0,4,1,90-100,Orion Sport,5.0,57000,Sepatu Running 910 - TENUN IDN ULTRA EKIDEN CMD JAWA Biru/Merah/Putih - 39
910 Nineten Fuuto Revenge,5,14,"Rp494,910.00",400000-500000,4,17,1,90-100,Orion Sport,5.0,57000,910 NINETEN SEPATU RUNNING FUUTO REVENGE - ABU-TUA/HIJAU-MINT - 40
910 Nineten Sport Style Fuuto Heritage,5,2,"Rp539,910.00",500000-600000,0,6,1,90-100,Orion Sport,5.0,57000,910 NINETEN SEPATU SPORT STYLE FUUTO HERITAGE - SAIL - 42
910 Nineteen Haze Vision,5,2,"Rp476,910.00",400000-500000,1,3,1,90-100,Orion Sport,5.0,57000,Sepatu Running 910 - HAZE VISION SE MAGELANG Merah/Hitam - 39
910 Nineten Kenzo,5,3,"Rp476,910.00",400000-500000,2,11,1,90-100,Orion Sport,5.0,57000,910 NINETEN SEPATU RUNNING (KR) KHENZ0 RUN -BIRU/MERAH/PUTIH - 39
910 Nineten Ryu Swift,5,8,"Rp359,910.00",300000-400000,3,15,1,90-100,Orion Sport,5.0,57000,SEPATU RUNNING ORI 910 - RYU SWIFT BIRU/ORANGE - 41
910 Nineten Geist Ekiden,5,4,"Rp431,910.00",400000-500000,4,9,1,90-100,Orion Sport,5.0,57000,Sepatu Running 910 Geist Ekiden Hitam/Merah/Putih - 40
910 Nineten Fuuto Revenge,5,5,"Rp494,910.00",400000-500000,4,11,1,90-100,Orion Sport,5.0,57000,910 NINETEN SEPATU RUNNING FUUTO REVENGE - BIRU/TURQUOISE - 36
910 Nineten Reishika Bolster,5,26,"Rp539,910.00",500000-600000,0,50,1,90-100,Orion Sport,5.0,57000,910 NINETEN SEPATU RUNNING REISHIKA BOLSTER - PUTIH/DARK-TEAL/ABU - 40
910 Nineten Ultra Ekiden 1.0,5,7,"Rp521,910.00",500000-600000,5,20,1,90-100,Orion Sport,5.0,57000,910 NINETEN SEPATU RUNNING ULTRA EKIDEN 1.0 BIRU NAVY/HIJAU TOSCA/HITAM PUTIH - 37
910 Nineten Aurorun,5,1,"Rp539,910.00",500000-600000,0,2,1,90-100,Orion Sport,5.0,57000,Sepatu Running 910 AURORUN - Biru/Putih/Merah SPECIAL EDITION - 40
910 Nineten Fuuto Revenge,5,12,"Rp494,910.00",400000-500000,10,60,1,90-100,Orion Sport,5.0,57000,910 NINETEN SEPATU RUNNING FUUTO REVENGE - PUTIH/ABU-MUDA/TURQUOISE - 41
910 Nineten Geist Ekiden,5,3,"Rp494,910.00",400000-500000,3,14,1,90-100,Orion Sport,5.0,57000,910 NINETEN SEPATU TRAIL RUNNING - GEIST EKIDEN TRAIL HIJAU TUA/KREM/JINGGA - 46
910 Nineten Hiroshi,5,17,"Rp566,910.00",500000-600000,6,40,1,90-100,Orion Sport,5.0,57000,910 NINETEN SEPATU RUNNING HIROSHI - HIJAU-TOSCA/HIJAU-TUA - 40
910 Nineten Reishika Bolster,5,8,"Rp539,910.00",500000-600000,3,16,1,90-100,Orion Sport,5.0,57000,910 NINETEN SEPATU RUNNING - REISHIKA BOLSTER BIRU/JINGGA/PUTIH - 40
910 Nineten Aurorun,5,2,"Rp539,910.00",500000-600000,0,16,1,90-100,Orion Sport,5.0,57000,910 NINETEN SEPATU RUNNING AURORUN - HITAM/BIRU/UNGU - 41
910 Nineten Kishi,5,1,"Rp539,910.00",500000-600000,0,4,1,90-100,Orion Sport,5.0,57000,910 NINETEN SEPATU RUNNING KISHI RUN ACTIVE - ABU-MUDA/MERAH - 40
910 Nineteen Geist Ekiden,5,28,"Rp431,910.00",400000-500000,12,80,1,90-100,Orion Sport,5.0,57000,Sepatu Running Ori 910 - Geist Ekiden Hitam/Hitam - 38
910 Nineten Nakami Flow,5,2,"Rp566,910.00",500000-600000,1,3,1,90-100,Orion Sport,5.0,57000,910 NINETEN SEPATU TRAINING 910 NAKAMI FLOW - UNGU/BIRU MD/JINGGA - 39
910 Nineten Haze Metaspeed,5,7,"Rp449,910.00",400000-500000,4,10,1,90-100,Orion Sport,5.0,57000,Sepatu Running 910 Haze MetaSpeed- Biru-Tua/Biru-Muda/Ji - 43
Xfourth Hyperion,5,1,"Rp216,000.00",200000-300000,1,10,1,90-100,Xfourth,5.0,11000,X-Fourth Hyperion White Silver - Sepatu running Olahraga Daily Running Lari Sekolah Pria Wanita Sneakers Kasual Senam Fitness Gym Outdoor longrun pace - HYP BLACK ORANGE
Xfourth Formax,5,4,"Rp191,200.00",100000-200000,3,25,1,90-100,Xfourth,5.0,11000,X-Fourth ForMax Grey White - Sepatu Trainer Olahraga Daily Running Lari Sekolah Pria Wanita Sneakers Kasual Senam Fitness Gym Outdoor Casual Shoes - FM Monoblack
Nuevo Soars Xi,5,1,"Rp181,500.00",100000-200000,0,4,1,90-100,Nuevo Offcl Shop,5.0,97000,Sepatu Pria Olahraga Lari Pria Nuevo Soars XI Hitam Oren Sneakers Running - Hitam Hijau
Nuevo Velocity,5,2,"Rp161,650.00",100000-200000,1,8,1,90-100,Nuevo Offcl Shop,5.0,97000,NUEVO Velocity Full White | Sepatu Running Pria | Sepatu Sneakers - Putih Full
Eagle Over Drive,5,284,"Rp295,920.00",200000-300000,162,1000,0.97,90-100,Sepatu Eagle Official Store,5.0,483000,Eagle Sepatu Lari Over Drive – Running Shoes sepatulari - ABU TUA/MERAH
Eagle Shadowrun,5,164,"Rp375,920.00",300000-400000,0,250,0.99,90-100,Sepatu Eagle Official Store,5.0,483000,Eagle Sepatu Lari Shadowrun - Running Shoes sepatulari - ORANYE/BIRU MUDA
Eagle Run Breaker,5,1782,"Rp297,507.00",200000-300000,825,8000,0.98,90-100,Sepatu Eagle Official Store,5.0,483000,Eagle Sepatu Running Run Breaker - Sepatu Lari Outdoor sepatulari - ABU TUA/CITRUN
Eagle Nomad,5,915,"Rp287,910.00",200000-300000,399,3000,0.98,90-100,Sepatu Eagle Official Store,5.0,483000,Eagle Sepatu Running Nomad - Running Shoes sepatulari - MERAH/ABU TUA
Leedoo Mr182,5,19,"Rp109,000.00",100000-200000,10,60,1,90-100,Leedoo,5.0,1851000,Leedoo Sepatu Sneakers Pria Casual Sepatu Jogging Hitam Sepatu Fashion Cowok Kekinian Antiselip Sepatu Sekolah Siswa MR182 - Hitam 
Leedoo Mr187,5,4,"Rp119,000.00",100000-200000,2,7,1,90-100,Leedoo,5.0,1851000,Leedoo Sepatu Pria Sneakers Hitam Cowok Sepatu Lari Sporty Jogging Sepatu Kerja Kuliah Casual Antiselip Sepatu Sekolah Siswa MR187 - Hitam 
Leedoo Ml102,5,25,"Rp129,000.00",100000-200000,14,60,0.96,90-100,Leedoo,5.0,1851000,Leedoo Sepatu Ringan Pria Sneakers Cowok Sepatu Lari Shoes Running Olahraga Kekinian Antislip Sepatu Sekolah Siswa ML102 - Hitam putih 
Beyoma Air Gerigi 4 By028,5,10,"Rp280,000.00",200000-300000,10,30,0.9,90-100,Beyoma,5.0,35000,SEPATU BEYOMA AIR GERIGI 4 ORIGINAL Pria Wanita Sneakers Sport Running Shoes Olahraga Free Kotak Box BY028 Outdoor - Putih
Swift Stride,5,11,"Rp325,000.00",300000-400000,4,20,1,90-100,Muhsa.Co,5.0,272,Muhsa.co-Swift Stride- Sepatu Lari Running Jogging Sport Olahraga Pria Sneakers Casual Hitam Putih - hitam putih
Beyoma By290,5,4,"Rp300,000.00",300000-400000,4,25,1,90-100,Beyoma,5.0,35000,Sepatu BEYOMA Lari Olahraga Sneakers BY290 Uniseks Nyaman Outdoor Running - SIlver
Swift Stride,5,6,"Rp325,000.00",300000-400000,2,9,1,90-100,Muhsa.Co,5.0,272,Muhsa.co Swift Stride-Sepatu Olahraga Running Sport Lari Pria Sneakers Casual Abu Hitam - Putih
Leedoo Mr718,5,11,"Rp139,000.00",100000-200000,9,90,1,90-100,Leedoo,5.0,1851000,Leedoo Sepatu Running Pria Sepatu Lari Sneakers Cowok Outdoor Kulit Shoes Hitam Antiselip Sepatu Sekolah Siswa MR718 - Hitam Kuning 
Aldous Running Shoes,5,17,"Rp250,000.00",200000-300000,5,23,0.94,90-100,Aldous Official Store,5.0,15000,Aldous Sepatu Pria Wanita Sneakers Running Sekolah Kerja Olahraga - Abu-abu
Athletica Eclipse Px-6,5,2,"Rp450,000.00",400000-500000,0,4,1,90-100,Athletica,5.0,112000,Athletica - Eclipse Px-6 Navy Green | Sepatu Olahraga Pria Wanita - 40
910 Nineten Haze,5,4,"Rp489,000.00",400000-500000,2,6,1,90-100,Starting Lane Id,5.0,104000,Sepatu Lari Pria Nineten Original Haze Tempo Biru N35781204030623 - 39
Sand Glass Zb170 Be-Yo-Ma Cl1 - White,5,7,"Rp330,000.00",300000-400000,7,30,1,90-100,Susisport,5.0,34000,SEPATU SPORT RUNNING SAND GLASS ZB170 BE-YO-MA CL1 - WHITE
Chosamon Zenyxs,5,45,"Rp219,900.00",200000-300000,45,100,1,90-100,Chosamonofficial,5.0,87000,Bisa Custom Warna Join Live Sneakers Chosamon Zenyxs Original Sepatu Olahraga Lari Running pria Voli Tennis Badminton Senam Fitness Excerxise Running Trainer Gym Training Olahraga Outdoor - CS Zenyxs Abu Oren
Vanderzu Zx 3,5,96,"Rp119,999.00",100000-200000,66,250,0.97,90-100,Vanderzu,5.0,964,Vanderzu ZX 3 Sepatu Running Anak yang Bikin Lari Makin Cepat & Gaya Makin Keren Outdoor Sport synthetis premium venom black - Hitam Lis Putih
Vanderzu Zx3,5,17,"Rp124,999.00",100000-200000,14,80,1,90-100,Vanderzu,5.0,964,Sepatu Sneaker Olahraga Lari Pria Wanita Running Shoes Hitam Lis Gold Vanderzu ZX3 Original Outdoor sepatu jogging sepatu lari - Hitam Lis Gold
Vanderzu Fr302,5,11,"Rp129,999.00",100000-200000,0,30,1,90-100,Vanderzu,5.0,964,Sepatu Sneaker Running Olahraga Pria Wanita vanderzu Original FR302 Abu Lis gold - Abu lis Gold
910 Nineten Fuuto Revenge,5,14,"Rp472,914.00",400000-500000,5,40,1,90-100,Dorado Sportswear,5.0,108000,Sepatu 910 Nineten FUUTO REVENGE - Triple Black (Running) - 39
910 Nineten Reishika Bolster,5,39,"Rp515,914.00",500000-600000,25,60,1,90-100,Dorado Sportswear,5.0,108000,Sepatu 910 Nineten REISHIKA BOLSTER - ABU-ABU/TOSCA/PUTIH (Running) Outdoor - 41
910 Nineten Hiroshi,5,40,"Rp566,910.00",500000-600000,17,60,1,90-100,Dorado Sportswear,5.0,108000,Sepatu 910 Nineten HIROSHI - HIJAU-TOSCA/HIJAU-TUA (Running) - 40
910 Nineten Ultra Ekiden,5,28,"Rp472,914.00",400000-500000,12,40,1,90-100,Dorado Sportswear,5.0,108000,910 Nineten ULTRA EKIDEN Sepatu Lari - HITAM-IRIS/HIJAUNEON/BIRU-MD - 43
910 Nineten Kaza Jetracer,5,13,"Rp472,914.00",400000-500000,8,21,1,90-100,Dorado Sportswear,5.0,108000,Sepatu 910 Nineten Kaza Jetracer - Hitam/Putih (Sepatu Lari Anak) - 36
910 Nineten Hiroshi,5,72,"Rp566,910.00",500000-600000,39,100,0.97,90-100,Dorado Sportswear,5.0,108000,Sepatu 910 NINETEN HIROSHI PUTIH/ABU/HITAM (Running) - 37
910 Nineten Geist Ekiden Hyperpulse,5,18,"Rp584,714.00",500000-600000,10,30,1,90-100,Dorado Sportswear,5.0,108000,Sepatu 910 NINETEN GEIST EKIDEN HYPERPULSE - HITAM/ABU-TUA (Running) - 39
910 Nineten Haze Infiknit 1.0,5,32,"Rp412,714.00",400000-500000,17,50,0.96,90-100,Dorado Sportswear,5.0,108000,Sepatu 910 Nineten Haze Infiknit 1.0 Teal/Mint/Lime (Running) - 37
910 Nineten Haze Infiknit 1.0,5,56,"Rp412,714.00",400000-500000,25,100,0.98,90-100,Dorado Sportswear,5.0,108000,Sepatu 910 Nineten Haze Infiknit 1.0 Mint/Hijau/Abu (Running) - 38
910 Nineten Haze Infiknit 1.0,5,48,"Rp431,910.00",400000-500000,29,100,0.95,90-100,Dorado Sportswear,5.0,108000,Sepatu 910 Nineten Haze Infiknit 1.0 - Hitam/Abu (Running) - 40
910 Nineten Yuka Ace,5,71,"Rp478,413.00",400000-500000,36,100,0.97,90-100,Dorado Sportswear,5.0,108000,Sepatu 910 Nineten YUKA ACE - Hitam/Abu/Jingga (Training) Outdoor Running - 39
910 Nineten Aurorun,5,24,"Rp515,914.00",500000-600000,14,40,1,90-100,Dorado Sportswear,5.0,108000,Sepatu 910 Nineten AURORUN - HITAM/BIRU/UNGU (Running) - 41
Femez Ultra Evo 1.0,5,29,"Rp179,000.00",100000-200000,13,80,0.96,90-100,Femez Official Store,5.0,18000,Femez Ultra EVO 1.0 Sepatu Lari Running Shoes Big Size Jumbo 43 - 48 Putih Biru / White Blue Olahraga Voly Flipper By Femez Outdoor - Biru Putih
Flypower Boko 04,5,38,"Rp270,000.00",200000-300000,9,60,1,90-100,Flypower,5.0,3000,Flypower Boko 04 Sepatu Running Unisex Full Black | Lari - 38
910 Nineten Ultra Ekiden,5,9,"Rp494,910.00",400000-500000,5,14,1,90-100,Orion Sport,5.0,57000,910 NINETEN SEPATU RUNNING ULTRA EKIDEN - HIJAU AURORA/MERAH/HIJAU TOSCA - 45
910 Nineten Shinji Cora,5,15,"Rp359,910.00",300000-400000,9,28,1,90-100,Orion Sport,5.0,57000,Sepatu Running Ori 910 - Shinji Cora Hitam - 43
910 Nineten Geist Ekiden,5,12,"Rp431,910.00",400000-500000,3,16,1,90-100,Orion Sport,5.0,57000,Sepatu Running 910 Geist Ekiden BiruDongker/Jingga - 45
Ardiles Metora Blaze,5,15,"Rp429,800.00",400000-500000,8,1,0.93,90-100,Ardilesofficial,5.0,237000,Ardiles Metora Blaze Sepatu Lari - Black White - Black Orange
Ardiles Nfinity Raiton,5,3,"Rp307,294.00",300000-400000,2,18,1,90-100,Ardilesofficial,5.0,237000,Ardiles Nfinity Raiton Sepatu Running - Orange Hitam - Orange Hitam
Ardiles Nfinity Stargaz,5,14,"Rp449,800.00",400000-500000,6,17,0.92,90-100,Ardilesofficial,5.0,237000,Ardiles Nfinity Stargaz Sepatu Lari - Rock Ridge - Abu-abu
Keeping Ksr723,5,29,"Rp193,030.00",100000-200000,0,100,0.96,90-100,Keeping,5.0,156000,Keeping Sepatu Sneakers Pria Ringan Sepatu Olahraga Lari Cowok Anti Slip Sepatu Hangout Cowok Keren Sepatu Jalan Outdoor KSR723 - Hitam
Xternalstepsure Estrada,5,13,"Rp280,000.00",200000-300000,11,80,0.92,90-100,Xtrl Step Sure,5.0,393000,Sepatu XternalStepSure - Sepatu Running Estrada Black White Pria Wanita Outdoor Lari - Estrada Black White
Keeping Ksr116,5,1388,"Rp134,830.00",100000-200000,613,10000,0.95,90-100,Keeping,5.0,156000,Keeping Sepatu Pria Putih Sneakers Cowok Keren Sekolah Sports Running Shoes Trendy Terbaru Sepatu Olahraga Kuliah Travelling Sepatu Kerja Outdoor Sport KSR116 - ABU
Paulmay Slip On Running Go Walk,5,31,"Rp194,670.00",100000-200000,12,50,0.96,90-100,Paulmay,5.0,324000,PAULMAY - Sepatu Slip On Running Pria Go Walk - Navy - Navy
Keeping Ksr116,5,375,"Rp134,830.00",100000-200000,171,10000,0.97,90-100,Keeping,5.0,156000,Keeping Sepatu Pria Sneakers Cowok Dewasa Keren Sepatu Kerja Kuliah Travelling Sepatu Olahraga Sekolah Lari Hitam New Running Shoes Outdoor KSR116 - Hijau
Keeping Ksc303,5,26,"Rp159,000.00",100000-200000,14,70,0.92,90-100,Keeping,5.0,156000,Keeping Sepatu Running Pria Fleksible Sepatu Pria Sneakers Putih Hitam Polos Cowok Sepatu Kets Olahraga Lari Running Sports Shoes KSC303 - Hitam
Xternalstepsure Estrada,5,56,"Rp280,000.00",200000-300000,0,250,1,90-100,Xtrl Step Sure,5.0,393000,XternalStepSure Sepatu Running Estrada Fullblack Pria Wanita Lari Outdoor Original PU Mesh Size 38-44 - Estrada Black White
Eagle Vibe,5,234,"Rp287,910.00",200000-300000,120,750,0.96,90-100,Sepatu Eagle Official Store,5.0,483000,Eagle Sepatu Lari Vibe – Running Shoes Outdoor sepatulari - HIJAU MUDA/HIJAU SAGE
Eagle Run Rider,5,679,"Rp297,507.00",200000-300000,301,2000,0.96,90-100,Sepatu Eagle Official Store,5.0,483000,Eagle Sepatu Lari Run Rider - Running Shoes Outdoor sepatulari - Putih/Merah
Eagle Fury,5,221,"Rp287,910.00",200000-300000,107,750,0.96,90-100,Sepatu Eagle Official Store,5.0,483000,Eagle Sepatu Lari Fury – Running Shoes Outdoor sepatulari - HIJAU/HITAM
Dorks,5,28,"Rp119,000.00",100000-200000,19,100,1,90-100,Dorks,5.0,14000,Sepatu Dorks - Running Lightspeed Sepatu Sneakers Running Pria Wanita Outdoor Sepatu Olahraga Lari - WHITE BLACK
Jp-043 [Dny],5,6,"Rp138,000.00",100000-200000,6,30,1,90-100,Sepatu Dny,5.0,119000,JP-043 [Sepatu DNY] Sepatu Olahraga Pria Terbaru Running Shoes Man - Hitam
Chosamon Predator,5,25,"Rp209,000.00",200000-300000,25,70,0.96,90-100,Chosamonofficial,5.0,87000,Chosamon Predator Original Sepatu Lari Unisex pria dan wanita sampai ukuran besar Big Size Jogging Sprint Maraton Trainer Gym Training Outdoor Running - CS RUN PREDATOR ARMI HIJAU / COKLAT/ LOGO PUTIH
Xfourth Hyperion,5,105,"Rp216,000.00",200000-300000,70,250,0.91,90-100,Xfourth,5.0,11000,X-Fourth Hyperion Black White - Sepatu running Olahraga Daily Running Lari Sekolah Pria Wanita Sneakers Kasual Senam Fitness Gym Outdoor longrun pace - HYP BLACK ORANGE
Xfourth Hyperion,5,119,"Rp216,000.00",200000-300000,81,500,0.86,80-90,Xfourth,5.0,11000,X-Fourth Hyperion Neon Green - Sepatu running Olahraga Daily Running Lari Sekolah Pria Wanita Sneakers Kasual Senam Fitness Gym Outdoor longrun pace Casual Shoes - HYP NEON GREEN
Xfourth Runone,5,321,"Rp191,400.00",100000-200000,186,1000,0.88,80-90,Xfourth,5.0,11000,X-FOURTH RUNONE Biru Oren - sepatu Casual sporty jogging running pria wanita anak anak kerja hadiah Shoes Sneakers Kasual Olahraga Outdoor trialrun Hitam - Grey Black
Fromzero,5,24,"Rp160,000.00",100000-200000,22,100,0.83,80-90,Fromzero Store,5.0,48000,Sepatu Running Pria Wanita Fromzero Signal Black Orange 36-44 Outdoor - HITAM ORENS SOL PUTIH
Chosamon Predator,5,2,"Rp210,000.00",200000-300000,2,5,1,90-100,Chosamonofficial,5.0,87000,Chosamon Predator Original Sepatu Lari Unisex pria dan wanita sampai ukuran besar Big Size Jogging Sprint Maraton Trainer Gym Training Outdoor Running - Predator Hitam Motif Stabillo
Neckermann Galaxy 1902,5,2,"Rp259,900.00",200000-300000,2,18,1,90-100,Neckermann,5.0,227000,Neckermann Sepatu Running Unisex Galaxy 1902 - BLACK
E Label - Speedgoat Outdoor Ringan - Hitam List Putih,5,186,"Rp164,999.00",100000-200000,0,750,0.88,80-90,E Label,5.0,169000,E Label - Speedgoat Sepatu Running Sepatu Olahraga Outdoor Sepatu Lari Pria Wanita Ringan - Hitam List Putih
Prayerkids Running Tren,5,2,"Rp211,500.00",200000-300000,2,17,1,90-100,Prayer Kids,5.0,418000,Sepatu Prayerkids Running Tren - Black - Unisex - Sepatu keren pria wanita - Garansi 6 Bulan - BLACK
Beyoma By219,5,2,"Rp220,000.00",200000-300000,2,15,1,90-100,Beyoma,5.0,35000,Sepatu BEYOMA Lari Olahraga Sneakers BY219 Uniseks Outdoor Running - Hitam 
Beyoma By294,5,24,"Rp350,000.00",300000-400000,24,100,0.83,80-90,Beyoma,5.0,35000,Sepatu BEYOMA Lari Olahraga Sneakers BY294 Uniseks Nyaman Outdoor Running - Hijau
Ardiles Starfit,5,4,"Rp519,800.00",500000-600000,1,13,0.75,70-80,Ardilesofficial,5.0,237000,Ardiles Starfit Sepatu Lari - Black - Grey - Cloud Cream - Black
Brodo Active Krakatau,5,11,"Rp509,000.00",500000-600000,9,50,0.9,90-100,Brodo Footwear,5.0,1687000,BRODO - Running Shoes Active Krakatau Prismarine Navy - 40
Nuevo Crosspeed,5,134,"Rp158,000.00",100000-200000,132,500,0.91,90-100,Nuevo Offcl Shop,5.0,97000,Nuevo Crosspeed Hitam/Purpls Sepatu Trail Running Beginner Sneakers Olahraga Lari Pria Outdoor - Hitam Ungu
Nuevo Wilmax,5,522,"Rp162,500.00",100000-200000,505,2000,0.9,90-100,Nuevo Offcl Shop,5.0,97000,Nuevo Wilmax Biru Sepatu Running Pria Olahraga Lari Gym Outdoor Ringan - Biru Tosca/Oren
Xfourth Runone,5,73,"Rp191,400.00",100000-200000,56,250,0.9,90-100,Xfourth,5.0,11000,X-FOURTH RUNONE FULLBLACK - sepatu Casual sporty jogging running pria wanita anak anak kerja hadiah Shoes Sneakers Kasual Olahraga Outdoor Trialrun - Grey Black
910 Nineten Osaka Arch Fix,5,7,"Rp269,100.00",200000-300000,4,14,0.85,80-90,Orion Sport,5.0,57000,Sepatu Running Ori 910 - Osaka Arch Fix Abu Tua/Hitam/Putih Gading - 41
910 Nineten Fuuto Revenge,5,11,"Rp472,914.00",400000-500000,3,18,0.9,90-100,Dorado Sportswear,5.0,108000,910 Nineten FUUTO REVENGE Sepatu Lari - PUTIH/ABU-MUDA/TURQUOISE - 41
Nuevo Velocity,5,936,"Rp161,650.00",100000-200000,933,4000,0.89,80-90,Nuevo Offcl Shop,5.0,97000,Sepatu Lari Pria Nuevo Velocity Hitam Gold Olahraga Running Lari Santai - Hitam Gold
Nuevo Crosspeed,5,78,"Rp158,000.00",100000-200000,77,250,0.87,80-90,Nuevo Offcl Shop,5.0,97000,Nuevo Crosspeed Putih/Biru Sepatu Olahraga Lari Pria Outdoor Sport Men Running Shoes - Putih Biru merah
Specs Nyx Skull White Poinsettia Peat Black Spe1040051,5,10,"Rp494,820.00",400000-500000,8,27,0.9,90-100,Specs Indonesia,5.0,144000,SPECS SEPATU RUNNING NYX SKULL WHITE POINSETTIA PEAT BLACK SPE1040051 - SKULL WHITE
Nevis Cross,5,15,"Rp104,900.00",100000-200000,12,80,0.73,70-80,Nevis Official Shop,5.0,216000,NEVIS Cross - Sepatu Jumbo Big Size 39-49 Sepatu Sneakers Sport Running Olahraga Lari Casual Shoes Pria Wanita Kasual Kerja Black - CROSS - HITAM PUTIH
Beyoma By241,5,13,"Rp280,000.00",200000-300000,13,40,0.84,80-90,Beyoma,5.0,35000,Sepatu BEYOMA Lari Olahraga Sneakers BY241 Uniseks Outdoor Running - Merah
Rjt Street Runner Casual Shoes,5,289,"Rp102,659.00",100000-200000,0,1000,0.85,80-90,Rjt Store,5.0,88000,RJT Street Runner Sepatu Sneaker Pria casual shoes - Sneakers Running Hitam/putih dan Abu Kasual Sport sepatu running Olahraga - Putih
Athletica Rectus,5,17,"Rp350,000.00",300000-400000,8,27,0.82,80-90,Athletica,5.0,112000,Athletica Official Shop - Rectus All Black | Sepatu Running - 43
Sport Fashion Running Venus Zb158 Be-Yo-Ma Cn 1 - White-Tosca,5,19,"Rp300,000.00",300000-400000,19,60,0.84,80-90,Susisport,5.0,34000,SEPATU SPORT FASHION RUNNING VENUS ZB158 BE-YO-MA CN 1 - WHITE-TOSCA
Guzze Stark,5,7,"Rp185,500.00",100000-200000,7,29,0.85,80-90,Guzze,5.0,342,Sepatu Sneakers Pria Running Hitam Guzze Stark Full Black Casual - Hitam
Onarstreet Running Shoes,5,21,"Rp120,000.00",100000-200000,20,80,0.8,80-90,Onar Street,5.0,916,Onarstreet - Sport Olahraga Running Badminton Sepatu Outdoor Sepatu Badminton Size 39-43 Sepatu Olahraga Voli tenis Bulutangkis - JF01
910 Nineten Ultra Ekiden 1.0,5,7,"Rp521,910.00",500000-600000,3,12,0.85,80-90,Orion Sport,5.0,57000,910 NINETEN SEPATU RUNNING ULTRA EKIDEN 1.0 PUTIH/BIRU MUDA - 37
Oxwell Hydrolicus,5,3,"Rp180,000.00",100000-200000,1,10,0.66,60-70,Oxwell,5.0,695,Oxwell Hydrolicus - Sepatu Sneakers Olahraga Lari Running Pria dan Wanita Dewasa Putih Hijau Outdoor - PUTIH HIJAU
Redmon Hyper 1,5,6,"Rp139,000.00",100000-200000,4,8,0.83,80-90,Redmon,5.0,21000,Redmon Hyper 1 Biru Sepatu Olahraga Running Lari Gym Sports Pria Wanita - Hitam Abu
Oryginal Brand Olaharaga Lari Oryginal Dengan Desain Sporty Outdoor Running - Putih Stabilo,5,4,"Rp279,900.00",200000-300000,3,18,0.75,70-80,Onetixs.Id,5.0,46,SEPATU ORYGINAL BRAND SEPATU OLAHARAGA LARI PRIA ORYGINAL DENGAN DESAIN SPORTY Outdoor Running - PUTIH STABILO
Dorks,5,7,"Rp135,000.00",100000-200000,6,13,0.85,80-90,Dorks,5.0,14000,DORKS - Running Fast Army | Sepatu Running | Sneakers - 37
Sidsneaks Morphlite,5,3,"Rp349,000.00",300000-400000,0,11,0.66,60-70,Sidsneaks,6.0,8,Sepatu Running Pria Sidsneaks Morphlite Black Grey Outdoor - Fully Knitted Upper
Joging Gym Import Ringan H02 Premium Quality Outdoor Running,5,55,"Rp145,000.00",100000-200000,0,100,0.81,80-90,Joemen_Leather,5.0,9000,Sepatu Pria Joging Gym Import Ringan H02 Premium Quality Sneakers Pria Outdoor Running Jogging - PUTIH ABU
Nuevo Velocity,5,39,"Rp161,650.00",100000-200000,19,100,0.79,70-80,Nuevo Offcl Shop,5.0,97000,NUEVO Velocity White Silver | Sepatu Sneakers Pria | Sepatu Running - Putih Silver
Mills Running Shoes Treximo Hydra M2,5,5,"Rp391,200.00",300000-400000,2,11,0.8,80-90,Mills Official,5.0,763000,Mills Sepatu Lari Running Shoes Treximo Hydra M2 White / Grey / DK. Grey 9103503 - White/Grey/DKGrey
Concave Volker,5,5,"Rp499,500.00",400000-500000,3,15,0.8,80-90,Concave Indonesia,5.0,1000,Concave Running - Volker Run - Ice Blue / Navy / White - 44
Beyoma By234,5,5,"Rp270,000.00",200000-300000,0,16,0.8,80-90,Beyoma,5.0,35000,Sepatu BEYOMA Lari Olahraga Sneakers BY234 Uniseks Nyaman Outdoor Running - Orange
Beyoma Darkzero Xtra By065,5,5,"Rp308,000.00",300000-400000,0,19,0.6,60-70,Beyoma,5.0,35000,SEPATU BEYOMA DARKZERO XTRA Original Pria Wanita Sneakers Sport Running Shoes Olahraga Free Kotak Box BY065 Outdoor - Hitam
Swiftway Hybride,5,22,"Rp115,000.00",100000-200000,22,80,0.72,70-80,Swiftway,5.0,174,Sepatu Swiftway Hybride Original Running Pria Dan Wanita - Putih
910 Nineteen Geist Ekiden 1.0,5,6,"Rp431,910.00",400000-500000,5,6,0.83,80-90,Orion Sport,5.0,57000,Sepatu Running 910 - GEIST EKIDEN 1.0 Hitam/Merah muda/Abu Abu - 43
Nuevo Velocity,5,17,"Rp161,650.00",100000-200000,8,40,0.7,70-80,Nuevo Offcl Shop,5.0,97000,NUEVO Velocity White Blue Sepatu Running Pria - Putih Full
Techdoo Running Casual Shoes Men Anti Slip Fashion Mr184,4,1,"Rp119,000.00",100000-200000,1,1,1,90-100,Techdoo,5.0,1124000,Techdoo Sepatu Lari Pria Running Casual Shoes Men Anti Slip Sepatu Fashion Pria MR184 - Hitam
Hyougen Rafale Wind Sage,4,1,"Rp289,000.00",200000-300000,1,12,1,90-100,Hyougen,5.0,16000,HYOUGEN Rafale Wind Sage Sepatu Running Size 38-44 - 39
Jackson Active Nero 1Mt,4,1,"Rp599,000.00",500000-600000,1,2,1,90-100,Jackson Shoes,5.0,56000,Jackson Active Nero 1MT - Sepatu Sporty - Navy
Corvalue Hokkaido,4,1,"Rp490,000.00",400000-500000,1,1,1,90-100,Corvaluefootwear,5.0,363000,CORVALUE FOOTWEAR - Hokkaido C Black White | Sepatu Pria | Shoes Sneakers Pria - Hokkaido C B.W
Calci Audacity Blast,4,4,"Rp349,800.00",300000-400000,3,10,0.75,70-80,Calci Indonesia,5.0,73000,CALCI Sepatu Lari / Running Shoes Audacity Blast - Black/White - 36
Eagle Shoes Monaco,4,1,"Rp231,000.00",200000-300000,0,1,1,90-100,Prochampion,5.0,1683000,New ! Sepatu Lari / Running Eagle Shoes Monaco Putih Biru - 44
Adidas Galaxy 7,4,2,"Rp599,000.00",500000-600000,2,4,0.5,50-60,Starting Lane Id,5.0,104000,Sepatu Lari Adidas Galaxy 7 Black White Original Id8760 - 10~(44 2/3)
Oldiac Uniqeve,4,3,"Rp189,800.00",100000-200000,3,8,0.66,60-70,Oldiac Original,5.0,23,Oldiac Uniqeve - Sepatu Lari Pria Dewasa Running Sport Olahraga - UNIQEVE White Grey
Xpreme Running Speed X,4,4,"Rp164,000.00",100000-200000,2,2000,0.75,70-80,Xpreme,5.0,15000,XPREME - SEPATU OLAH RAGA RUNNING XPREME SPEED X BLACK WHITE - SEPATU SPORT PRIA WANITA RINGAN DAN NYAMAN DI PAKAI 36-44 Outdoor - Hitam tosca
Precise T-Lite Run Jg M1,4,3,"Rp291,445.00",200000-300000,2,5,0.66,60-70,Precise,5.0,34000,Precise T-Lite Run JG M1 Sepatu Olahraga Lari Pria - Red/Black - 42
Swift Stride,4,5,"Rp208,000.00",200000-300000,5,14,0.8,80-90,Muhsa.Co,5.0,272,MUHSA.CO-Shoes o-Swift Stride- Sepatu Lari Running Jogging Sport Olahraga Pria Sneakers Casual Hitam Putih Kasual Snekers Kerja Black sepatu jogging - hitam putih
Vanderzu Fr302,4,3,"Rp129,999.00",100000-200000,3,11,0.66,60-70,Lion.Id,5.0,223,Sepatu Sneaker Olahraga Lari Vanderzu FR302 Maroon Original untuk Pria dan Wanita Ruuning Shoes Running Outdoor - Maroon
Puma All Day Active,0,0,"Rp494,450.00",400000-500000,0,0,0,0-50,Hoops Dept,5.0,34000,Sepatu Training Pria PUMA ALL-DAY ACTIVE 38626914 ORIGINAL - 44
910 Nineten Fuuto Revenge,0,0,"Rp549,900.00",500000-600000,0,2,0,0-50,Kayak Outdoor,5.0,176000,Sepatu Lari 910 Nineten Fuuto Revenge - Tripple Black
910 Nineten Ekiden Hyperion,0,0,"Rp549,900.00",500000-600000,0,1,0,0-50,Kayak Outdoor,5.0,176000,Sepatu Lari 910 Nineten Ekiden Hyperion - Hitam/Orange
910 Nineten Geist Ekiden Glide,0,0,"Rp579,900.00",500000-600000,0,2,0,0-50,Kayak Outdoor,5.0,176000,Sepatu Lari 910 Nineten Geist Ekiden Glide - Hitam/Biru Navy
910 Nineten Haze 2.0,0,0,"Rp499,900.00",400000-500000,0,2,0,0-50,Kayak Outdoor,5.0,176000,Sepatu Lari 910 Nineten Haze 2.0 - HItam/Hijau
Beyoma By224,4,2,"Rp240,000.00",200000-300000,2,6,0.5,50-60,Beyoma,5.0,35000,Sepatu BEYOMA Lari Olahraga Sneakers BY224 Uniseks Outdoor Running - Hitam Putih
Beyoma By223,4,2,"Rp250,000.00",200000-300000,2,2,0.5,50-60,Beyoma,5.0,35000,Sepatu BEYOMA Lari Olahraga Sneakers BY223 Uniseks Outdoor Running - Navy
Beyoma By243,4,2,"Rp240,000.00",200000-300000,2,9,0.5,50-60,Beyoma,5.0,35000,Sepatu BEYOMA Lari Olahraga Sneakers BY243 Uniseks Outdoor Running - Cream
Beyoma Max Tabung By034,4,1,"Rp290,000.00",200000-300000,1,1,1,90-100,Beyoma,5.0,35000,SEPATU BEYOMA MAX TABUNG ORIGINAL Pria Wanita Sneakers Sport Running Shoes Olahraga Free Kotak Box BY034 Outdoor - Abu Abu
Kasogi Jeju,0,0,"Rp509,900.00",500000-600000,0,0,0,0-50,Kasogi Shoes,5.0,48000,Sepatu Kasogi Pria Olahraga Jogging Dewasa Jeju - Hitam
Kasogi Bondi,0,0,"Rp494,900.00",400000-500000,0,0,0,0-50,Kasogi Shoes,5.0,48000,Sepatu Kasogi Bondi Sneaker Jogging Olahraga Dewasa Pria Unisex Bondi - hitam
Mjc Indonesia Running Shoes,0,0,"Rp139,900.00",100000-200000,0,4,0,0-50,Mjc Indonesia,5.0,358000,MJC Indonesia Sepatu Pria Olahraga Outdor Luar Sepatu Basket Lari Sepatu Olahraga Uniseks Putih Terbaru 39-43 Outdoor Running - White
Decathlon Kalenji,0,0,"Rp398,000.00",300000-400000,0,0,0,0-50,Decathlon Indonesia,5.0,2499000,Decathlon KALENJI Sepatu Lari Pria Be Dry Abu-abu - 8803394 - 40
Kasogi Yosen,0,0,"Rp474,900.00",400000-500000,0,0,0,0-50,Kasogi Shoes,5.0,48000,Sepatu Kasogi Dewasa Yosen Pria Unisex Olahraga Jogging Casual Sneakers Yosen - hitam
Hyougen Enka Knit,0,0,"Rp269,000.00",200000-300000,0,1,0,0-50,Hyougen,5.0,16000,Hyougen Enka Knit Abu Merah Sepatu Running Size 39-44 Sepatu Lari - 40
Donatello C3559300,0,0,"Rp535,000.00",500000-600000,0,0,0,0-50,Donatelloshoes,5.0,21000,Donatello C3559300 Running Shoes Pria - BLK/CRM/ORG
Desle Shoes Running Birmingham,0,0,"Rp418,800.00",400000-500000,0,0,0,0-50,Desle Shoes,5.0,551,Desle Shoes Sneakers Running Birmingham Biru Tua Oranye - Biru Tua Oranye
New Balance 480 V6,0,0,"Rp539,400.00",500000-600000,0,0,0,0-50,Sneakers Dept,5.0,1844000,Sepatu Lari Pria NEW BALANCE 480 V6 M480XB6 ORIGINAL - 40.5
Desle Trail Running Forte,0,0,"Rp439,800.00",400000-500000,0,0,0,0-50,Desle Shoes,5.0,551,DESLE Sepatu Trail Running FORTE - BIRU/ORANGE
Specs Atmozphyr,0,0,"Rp549,800.00",500000-600000,0,6,0,0-50,Specs Indonesia,5.0,144000,SPECS SEPATU RUNNING ATMOZPHYR BLACK/REGATTA SPE1040086 - BLACK
Gio Cardin 200,0,0,"Rp469,000.00",400000-500000,0,0,0,0-50,Gio Cardin,5.0,39000,GIO CARDIN - Running Shoes GIO 200 Black White - 39
Gio Cardin 200,0,0,"Rp469,000.00",400000-500000,0,0,0,0-50,Gio Cardin,5.0,39000,GIO CARDIN - Running Shoes GIO 200 Triple Black - 41
Adidas Runfalcon 5,0,0,"Rp595,000.00",500000-600000,0,3,0,0-50,Sneakers Dept,5.0,1844000,Sepatu Lari Unisex ADIDAS RUNFALCON 5 IH7757 ORIGINAL - 44
Desle Trail Running Astro,0,0,"Rp429,800.00",400000-500000,0,1,0,0-50,Desle Shoes,5.0,551,DESLE Sepatu Trail Running ASTRO - BRTUA/BRTOSCA
Donatello C3562800,0,0,"Rp528,000.00",500000-600000,0,0,0,0-50,Donatelloshoes,5.0,21000,Donatello C3562800 Running Shoes Pria - TAN
Specs Radiant,0,0,"Rp599,800.00",500000-600000,0,10,0,0-50,Specs Indonesia,5.0,144000,SPECS SEPATU RUNNING RADIANT LIGHT GRAY/AQUA PRISTINE SPE1040113 - LIGHT GRAY
Fed Sporty Rushline,5,2,"Rp145,965.00",100000-200000,2,8,1,90-100,Fashion Everyday Store,5.0,331000,FED Sepatu Running Sporty Sneakers Olahraga Lari Rushline Sport Shoes Black - Black Shadow
Whoppy Lite Tracker Sl56,5,146,"Rp140,000.00",100000-200000,0,250,0.96,90-100,Parc 7 Shoes,5.0,118000,[PROMO] Whoppy Lite Tracker SL56 Sepatu Cowok Running Trekking Hitam Casual Karet Shoes Pria Sneakers - HITAM
Desle Running Shoes Sonicx,5,4,"Rp459,800.00",400000-500000,3,8,1,90-100,Desle Shoes,5.0,551,Desle Running Shoes SONICX - Putih/Orange
Athletica Eclipse Px-6,5,44,"Rp450,000.00",400000-500000,37,100,1,90-100,Geoff Max,5.0,1534000,Athletica - Eclipse PX-6 White Black Sepatu Olahraga Pria Wanita Unisex Shoes Sneakers Sport Running Outdoor - Eclipse Px-6 Navy Green
Geoff Max Robin Racer Antique,5,24,"Rp419,000.00",400000-500000,23,80,1,90-100,Geoff Max,5.0,1534000,Geoff Max - Robin Racer Antique White | Sepatu Olahraga Pria Wanita Unisex Sport Shoes Running Sneakers Casual - 40
Geoff Max Robin Racer Pearl,5,19,"Rp419,000.00",400000-500000,15,70,1,90-100,Geoff Max,5.0,1534000,Geoff Max - Robin Racer Pearl White | Sepatu Olahraga Pria Wanita Unisex Sport Shoes Running Sneakers Casual - 40
Corvalue Oddate,5,2852,"Rp185,000.00",100000-200000,2158,10000,0.97,90-100,Corvaluefootwear,5.0,363000,CORVALUE FOOTWEAR - Oddate | Sepatu Pria wanita | Shoes Sneakers Pria wanita Outdoor Casual Sport Running Kasual Black Putih Hitam - Oddate Full Black
Larocking Titan,5,326,"Rp140,000.00",100000-200000,141,1000,0.96,90-100,Larocking,5.0,1077000,Larocking - PROMO [BELI 2 SEPATU HANYA BAYAR 1 SEPATU / BUY 1 GET 1] | Sepatu Running Gym Shoes Abu Outdoor Olahraga - Titan Hitam Abu
Chosamon Pegasus,5,1,"Rp225,000.00",200000-300000,1,2,1,90-100,Chosamonofficial,5.0,87000,Sneakers Chosamon PEGASUS Original Sepatu Sport Fashion Pria Wanita Trainer Running Jogging Skateboard Hangout Training Gym Olahraga Casual Shoes Unisex - CS Pegasus Putih
Keeping Ksr713,5,7,"Rp125,130.00",100000-200000,7,30,1,90-100,Keeping,5.0,156000,Keeping Sepatu Sneakers Pira Sepatu Olahraga Cowok Sports Running Shoes Sepatu Kets Anti Slip KSR713 - Putih Biru
Beyoma Air Gerigi 2 By026,5,39,"Rp280,000.00",200000-300000,39,100,0.97,90-100,Beyoma,5.0,35000,SEPATU BEYOMA AIR GERIGI 2 ORIGINAL Pria Wanita Sneakers Sport Running Shoes Olahraga Free Kotak Box BY026 Outdoor - Hitam
Beyoma 720 Max Tabung By061,5,5,"Rp308,000.00",300000-400000,0,19,1,90-100,Beyoma,5.0,35000,SEPATU BEYOMA 720 MAX TABUNG Original Pria Wanita Sneakers Sport Running Shoes Olahraga Free Kotak Box BY061 Outdoor - Putih
Leedoo Mr718,5,11,"Rp139,000.00",100000-200000,0,90,1,90-100,Leedoo,5.0,1851000,Leedoo Sepatu Running Pria Sepatu Lari Sneakers Cowok Outdoor Kulit Shoes Hitam Antiselip Sepatu Sekolah Siswa MR718 - Hitam Kuning 
Beyoma Perfect Vir By047,5,8,"Rp250,000.00",200000-300000,0,14,0.87,80-90,Beyoma,5.0,35000,SEPATU BEYOMA PERFECT VIR ORIGINAL Pria Wanita Sneakers Sport Running Shoes Olahraga Free Kotak Box BY047 Outdoor - Navy
Beyoma 1980 By043,5,4,"Rp240,000.00",200000-300000,0,10,1,90-100,Beyoma,5.0,35000,SEPATU BEYOMA 1980 ORIGINAL Pria Wanita Sneakers Sport Running Shoes Olahraga Free Kotak Box BY043 Outdoor - Hitam
Swift Stride,5,6,"Rp208,000.00",200000-300000,6,20,1,90-100,Muhsa.Co,5.0,272,Sepatu Olahraga Running Sport Lari Pria Sneakers Casual Abu Hitam MUHSA.CO Swift Stride - Outdoor sepatu jogging Shoes - abu
Eagle Shadowrun,5,164,"Rp375,920.00",300000-400000,108,250,0.99,90-100,Sepatu Eagle Official Store,5.0,483000,Eagle Sepatu Lari Shadowrun - Running Shoes sepatulari - ORANYE/BIRU MUDA
Femez Ultra Evo 1.0,5,29,"Rp179,000.00",100000-200000,20,60,0.96,90-100,Femez Official Store,5.0,18000,Femez Ultra EVO 1.0 Sepatu Lari Running Shoes Big Size Jumbo Putih Emas / White Gold Olahraga Voly Flipper By Femez Outdoor - Putih Emas
Larocking Arkas,5,44,"Rp105,708.00",100000-200000,26,100,0.93,90-100,Larocking,5.0,1077000,Larocking - Arkas Putih Cream - Sepatu Sneakers Casual Running Gym Jogging Sport Outdoor Olahraga Running Shoes - Putih Cream
Eagle Eterna,5,76,"Rp313,405.00",300000-400000,0,250,0.94,90-100,Sepatu Eagle Official Store,5.0,483000,Eagle Sepatu Lari Eterna - Running Shoes - ABU-ABU/CITRUN
"Power - Primetime Inspo ""Cushion+"" Olahrga Wanita - Running Sport Shoes - Black (Lilac Tab)",5,14,"Rp309,999.00",300000-400000,11,50,1,90-100,Bata Indonesia,5.0,1088000,"POWER - PRIMETIME INSPO ""Cushion+"" Sepatu Sneakers Olahrga Wanita - Running Sport Shoes - Black (Lilac Tab)"
Beyoma 200Mx By051,5,314,"Rp328,000.00",300000-400000,0,1000,0.94,90-100,Beyoma,5.0,35000,SEPATU BEYOMA 200MX Original Pria Wanita Sneakers Sport Running Shoes Olahraga Free Kotak Box BY051 Outdoor - Hitam
Beyoma 33Y By042,5,3,"Rp250,000.00",200000-300000,0,9,1,90-100,Beyoma,5.0,35000,SEPATU BEYOMA 33Y ORIGINAL Pria Wanita Sneakers Sport Running Shoes Olahraga Free Kotak Box BY042 Outdoor - Putih
Marelow Nole,5,62,"Rp146,150.00",100000-200000,49,250,0.91,90-100,Marelow,5.0,232000,Marelow Nole - Sepatu Sneakers Casual Unisex Wanita Pria shoes Kerja Outdoor Running Sport - SilverBlack
Beyoma By038,5,6,"Rp280,000.00",200000-300000,6,9,0.83,80-90,Beyoma,5.0,35000,SEPATU BEYOMA NEW SPORT ORIGINAL Pria Wanita Sneakers Sport Running Shoes Olahraga Free Kotak Box BY038 Outdoor - Putih
Xfourth Formax,5,10,"Rp191,200.00",100000-200000,10,60,1,90-100,Xfourth,5.0,11000,X-Fourth ForMax Black White - Sepatu Trainer Olahraga Daily Running Lari Sekolah Pria Wanita Sneakers Kasual Senam Fitness Gym Outdoor Casual Shoes - FM Black White
Keeping Ksr724,5,7,"Rp159,000.00",100000-200000,7,30,0.85,80-90,Keeping,5.0,156000,Keeping Sepatu Sneakers Pria Sepatu Pria Jogging Sepatu Olanhraga Cowok Gym Sport Shoes Sepatu Running Fleksible KSR724 - Hitam
Keeping Ksl306,5,12,"Rp154,230.00",100000-200000,0,40,0.91,90-100,Keeping,5.0,156000,Keeping Sepatu Pria Ringan Joging Sepatu Olahraga Lari Cowok Kasual Running Sport Shoes Outdoor KSL306 - Putih
Elfs Active X Sunder Trailblazer,5,6,"Rp549,000.00",500000-600000,5,15,0.83,80-90,Elfs Active,5.0,655000,Elfs Active X Sunder Sepatu Trailblazer | Semi Trail Running Hiking Shoes - Grey
Onarstreet Running Shoes,5,135,"Rp120,000.00",100000-200000,97,1000,0.84,80-90,Onar Street,5.0,916,Onarstreet - Sepatu Olahraga Voli Badminton Wanita Onar Sepatu Running Gym Shoes Outdoor - biru
Beyoma 750 By003,5,18,"Rp290,000.00",200000-300000,18,60,0.83,80-90,Beyoma,5.0,35000,[ORIGINAL] Sepatu BEYOMA 750 AIR Sneakers Sport Running Shoes Olahraga BY003 Outdoor - Putih Hijau
Beyoma By009,5,6,"Rp300,000.00",300000-400000,6,16,0.83,80-90,Beyoma,5.0,35000,[ORIGINAL] Sepatu BEYOMA New Pibu Pria Wanita Sneakers Sport Running Shoes Olahraga Free Kotak Box BY009 Outdoor - Beige
Beyoma By016,5,3,"Rp300,000.00",300000-400000,3,9,0.66,60-70,Beyoma,5.0,35000,SEPATU BEYOMA Run Sporty Pria Wanita Sneakers Sport Running Shoes Olahraga Free Kotak Box BY016 Outdoor - Hitam
Aza Run 1 Pygmalion Fresh Morning,5,23,"Rp575,800.00",500000-600000,16,70,1,90-100,Aza Wear,5.0,102000,AZA RUN 1 Pygmalion Fresh Morning Running Shoes - Sepatu Lari Pria Wanita warna Putih - 36
Aza Run 1 Pygmalion G-Force,5,11,"Rp575,800.00",500000-600000,7,30,1,90-100,Aza Wear,5.0,102000,AZA RUN 1 Pygmalion G-Force Running Shoes - Sepatu Lari Pria Wanita warna Acid Lime - 36
Gumi Sport Running Shoes Pulse Racer Orora,5,1,"Rp499,900.00",400000-500000,0,2,1,90-100,Kick Avenue,5.0,43000,Gumi Sport Running Shoes Pulse Racer Orora Green - 6 | 38 | 24CM
Hundred Hndrd Softsride,5,1,"Rp404,000.00",400000-500000,1,1,1,90-100,Prochampion,5.0,1683000,Sepatu Lari Running Shoes Hundred HNDRD SOFTSRIDE White Gold Black - 44
Hundred Running Shoes Sprintpace,5,7,"Rp599,800.00",500000-600000,3,19,1,90-100,Hundred Store Indonesia,5.0,910,Hundred Running Shoes Sprintpace HRFS-4M142 - Black/Blue/Purp
Aza Run 1 Pygmalion Galaxy,5,10,"Rp575,800.00",500000-600000,6,30,1,90-100,Aza Wear,5.0,102000,AZA RUN 1 Pygmalion Galaxy Running Shoes - Sepatu Lari Pria Wanita warna Hitam - 36
Desle Shoes Geya,0,0,"Rp429,800.00",400000-500000,0,0,0,0-50,Desle Shoes,5.0,551,DESLE SHOES SNEAKERS GEYA RUNNING WOMEN - Biru Muda/Biru
Hundred Running Shoes Glidepace,5,4,"Rp499,800.00",400000-500000,0,11,1,90-100,Hundred Store Indonesia,5.0,910,Hundred Running Shoes Glidepace HRFS-4M141 - White/Blue
